pmid	status	method	filename	journal	year	author	doi	title	detail
34316759	ok	EuropePMC	34316759_Vendrik_2019.pdf	JACC Case Rep	2019	Vendrik	10.1016/j.jaccas.2019.05.026	Balloon-Expandable TAVR Prosthesis Dislocates Into the Ascending Aorta.	864 KB
34316815	ok	EuropePMC	34316815_Nour_2019.pdf	JACC Case Rep	2019	Nour	10.1016/j.jaccas.2019.06.034	Cardiogenic Shock Due to Late Chimney Stent Failure Following Valve-in-Valve Transcatheter Aortic Valve Replacement.	1262 KB
34316912	ok	EuropePMC	34316912_Conte_2019.pdf	JACC Case Rep	2019	Conte	10.1016/j.jaccas.2019.10.013	Plugging Paravalvular Leak in Transcatheter Aortic Valves.	1512 KB
34316932	ok	EuropePMC	34316932_Chan_Wah_Hak_2019.pdf	JACC Case Rep	2019	Chan Wah Hak	10.1016/j.jaccas.2019.11.007	Valve-in-Valve in a Flail Bioprosthetic Mitral Valve With Endocarditis Using a Novel Embolic Protection Device.	1445 KB
34316934	ok	EuropePMC	34316934_Abdel-Aal_Ahmed_2019.pdf	JACC Case Rep	2019	Abdel-Aal Ahmed	10.1016/j.jaccas.2019.11.009	Aortic Paravalvular Leak Repair: Can TAVR Be the Answer?	2156 KB
34316946	ok	EuropePMC	34316946_Alabbady_2019.pdf	JACC Case Rep	2019	Alabbady	10.1016/j.jaccas.2019.11.025	Aorto-Right Ventricular Fistula and Paravalvular Leak After Transcatheter Aortic Valve Implantation.	1663 KB
34317066	ok	EuropePMC	34317066_Kellogg_2020.pdf	JACC Case Rep	2020	Kellogg	10.1016/j.jaccas.2020.09.007	Percutaneous Management of a Contained Annular Rupture Occurring With Self-Expanding Transcatheter Aortic Valve Replacement.	1462 KB
34317168	ok	EuropePMC	34317168_Abu-Much_2020.pdf	JACC Case Rep	2020	Abu-Much	10.1016/j.jaccas.2020.10.023	Don't Trust the Imaging: Necrotic Bowel Following Transcatheter Aortic Valve Replacement Through Aortic Stent Graft.	1001 KB
34317241	ok	EuropePMC	34317241_Alasnag_2020.pdf	JACC Case Rep	2020	Alasnag	10.1016/j.jaccas.2020.01.021	3D Model Guiding Transcatheter Aortic Valve Replacement in a Patient With Aortic Coarctation.	1928 KB
34317258	ok	EuropePMC	34317258_Elison_2020.pdf	JACC Case Rep	2020	Elison	10.1016/j.jaccas.2020.01.017	TandemHeart-Assisted Balloon Aortic Valvuloplasty for Acute Transcatheter Aortic Valve Replacement Thrombosis.	350 KB
34317373	ok	EuropePMC	34317373_Spaccarotella_2020.pdf	JACC Case Rep	2020	Spaccarotella	10.1016/j.jaccas.2020.04.013	Common Calcified Femoral Artery Rupture After Intravascular Lithotripsy for TAVR Implantation.	896 KB
34317379	ok	EuropePMC	34317379_Alharbi_2020.pdf	JACC Case Rep	2020	Alharbi	10.1016/j.jaccas.2020.05.005	Axillary Artery Pseudoaneurysm Following Percutaneous Transaxillary Access for Impella Device Placement During Percutaneous Coronary Intervention.	546 KB
34317470	ok	EuropePMC	34317470_Le_Ruz_2021.pdf	JACC Case Rep	2021	Le Ruz	10.1016/j.jaccas.2020.11.024	Sapien 3 Embolization From Ventricle to Aorta in the Setting of Noncalcified Aortic Regurgitation.	1053 KB
34317621	ok	EuropePMC	34317621_Sammour_2021.pdf	JACC Case Rep	2021	Sammour	10.1016/j.jaccas.2021.02.040	Transcatheter Closure of Left Ventricular Outflow Tract-to-Left Atrium Fistula.	1333 KB
34766022	ok	EuropePMC	34766022_Yamaguchi_2021.pdf	JACC Case Rep	2021	Yamaguchi	10.1016/j.jaccas.2021.08.009	Rescue Percutaneous Stenting for Cerebral Malperfusion With Acute Aortic Dissection Following TAVR.	1258 KB
35493797	ok	EuropePMC	35493797_Batta_2022.pdf	JACC Case Rep	2022	Batta	10.1016/j.jaccas.2021.12.015	Strut Inversion During Valve-in-Valve Transcatheter Aortic Valve Replacement: An Unknown Complication?	627 KB
35573856	ok	EuropePMC	35573856_Noor_2022.pdf	JACC Case Rep	2022	Noor	10.1016/j.jaccas.2022.02.011	Polymer Emboli Complicating Transcatheter Aortic Valve Implantation: A Case Report.	1660 KB
35677788	ok	EuropePMC	35677788_Asmarats_2022.pdf	JACC Case Rep	2022	Asmarats	10.1016/j.jaccas.2022.03.031	Aortic Sinus Contrast Retention During TAVR: A Warning Sign Preceding a Potential Thrombotic Complication.	1045 KB
35734531	ok	EuropePMC	35734531_Patel_2022.pdf	JACC Case Rep	2022	Patel	10.1016/j.jaccas.2022.04.017	Synchronous Type 3 EVAR Endoleaks at Multiple Sites Following Transfemoral Transcatheter Aortic Valve Replacement.	1954 KB
36406923	ok	EuropePMC	36406923_Attisano_2022.pdf	JACC Case Rep	2022	Attisano	10.1016/j.jaccas.2022.07.038	Bioprosthetic Valve Fracture After TAVR Complicated by Balloon Rupture: Bail-Out TAVR in TAVR in SAVR.	1381 KB
36444183	ok	EuropePMC	36444183_El_Nihum_2022.pdf	JACC Case Rep	2022	El Nihum	10.1016/j.jaccas.2022.08.014	Surgical Salvage of Annular Rupture After Transcatheter Aortic Valve Implantation by Conversion Into Annular Enlargement.	1329 KB
36523949	ok	EuropePMC	36523949_Manevich_2023.pdf	JACC Case Rep	2023	Manevich	10.1016/j.jaccas.2022.101691	Thoracic Aorta Perforation Treated Conservatively After TAVR in a Patient With Extremely Tortuous Aorta.	672 KB
36776798	ok	EuropePMC	36776798_Keeton_2023.pdf	JACC Case Rep	2023	Keeton	10.1016/j.jaccas.2022.08.015	Innovative Approach to Manage Transcatheter Aortic Valve Embolization.	1901 KB
36974043	ok	EuropePMC	36974043_Kassis_2023.pdf	JACC Case Rep	2023	Kassis	10.1016/j.jaccas.2023.101762	Pure Aortic Regurgitation Complicated by Membranous Interventricular Septum Aneurysm Treated With Transcatheter Aortic Valve Replacement.	812 KB
37396320	ok	EuropePMC	37396320_Verhemel_2023.pdf	JACC Case Rep	2023	Verhemel	10.1016/j.jaccas.2023.101893	Left Ventricular Outflow Obstruction After Transcatheter Heart Valve Migration and Stent Infolding.	2040 KB
38094178	ok	EuropePMC	38094178_Elison_2023.pdf	JACC Case Rep	2023	Elison	10.1016/j.jaccas.2023.102069	Percutaneous Carotid Transcatheter Aortic Valve Implantation.	1233 KB
38094179	ok	EuropePMC	38094179_Koliastasis_2023.pdf	JACC Case Rep	2023	Koliastasis	10.1016/j.jaccas.2023.102065	Overcoming the Obstacle of Suicide Left Ventricle After Transcatheter Aortic Valve Replacement Phenomenon.	2854 KB
38264301	ok	EuropePMC	38264301_Torrado_2024.pdf	JACC Case Rep	2024	Torrado	10.1016/j.jaccas.2023.102157	Impact of VA-ECMO on Dynamic LV Outflow Obstruction After Transcatheter Aortic Valve Replacement.	935 KB
38264302	ok	EuropePMC	38264302_Masarweh_2024.pdf	JACC Case Rep	2024	Masarweh	10.1016/j.jaccas.2023.102165	Transcatheter Aortic Valve Replacement Complicated by Aorto-Right Ventricular Fistula Repaired Via Valve-in-Valve Replacement.	407 KB
38379661	ok	EuropePMC	38379661_Alirhayim_2024.pdf	JACC Case Rep	2024	Alirhayim	10.1016/j.jaccas.2023.102214	Late Migration of a Transcatheter Heart Valve.	3015 KB
38645284	ok	EuropePMC	38645284_Frittitta_2024.pdf	JACC Case Rep	2024	Frittitta	10.1016/j.jaccas.2024.102259	Late Third Transcatheter Aortic Valve Replacement for Treatment of Persistent Paravalvular Regurgitation.	1159 KB
38645286	ok	EuropePMC	38645286_Zendjebil_2024.pdf	JACC Case Rep	2024	Zendjebil	10.1016/j.jaccas.2024.102270	Transcatheter Aortic Valve Replacement for Sutureless Bioprosthetic Valve Tilting Resulting in Severe Paravalvular Leak.	527 KB
39295789	ok	EuropePMC	39295789_Kato_2024.pdf	JACC Case Rep	2024	Kato	10.1016/j.jaccas.2024.102455	What Is the Optimal Antithrombotic Therapy for Valsalva Thrombus Following Transcatheter Aortic Valve Replacement?	447 KB
39295795	ok	EuropePMC	39295795_Reisinger_2024.pdf	JACC Case Rep	2024	Reisinger	10.1016/j.jaccas.2024.102469	Perceval ViV-TAVR: Perception Is Not Always Reality.	1301 KB
39484326	ok	EuropePMC	39484326_Fang_2024.pdf	JACC Case Rep	2024	Fang	10.1016/j.jaccas.2024.102564	LAVA-ECMO-Supported Dual-Transcatheter Aortic and Mitral Valve-in-Valve Replacement in Cardiogenic Shock.	4354 KB
39619019	ok	EuropePMC	39619019_Chia_2024.pdf	JACC Case Rep	2024	Chia	10.1016/j.jaccas.2024.102655	Management of Aorto-Right Ventricular Fistulas After TAVR.	3121 KB
39619031	ok	EuropePMC	39619031_Bielichenko_2024.pdf	JACC Case Rep	2024	Bielichenko	10.1016/j.jaccas.2024.102690	Hybrid Approach to Post-Radiation Valve Disease: Robotic Mitral Valve Replacement Alongside Transcatheter Aortic Valve Replacement.	960 KB
39822806	ok	EuropePMC	39822806_Sturla_2025.pdf	JACC Case Rep	2025	Sturla	10.1016/j.jaccas.2024.102748	Clinical Presentation and Percutaneous Treatment of Hemolytic Anemia Associated With Paravalvular Leak After TAVR.	2088 KB
39963208	ok	EuropePMC	39963208_Ostojic_2025.pdf	JACC Case Rep	2025	Ostojic	10.1016/j.jaccas.2024.103125	ST-Segment Elevation Myocardial Infarction Caused by Embolized Transcatheter Aortic Valve in Ascending Aorta.	1955 KB
39963215	ok	EuropePMC	39963215_Huber_2025.pdf	JACC Case Rep	2025	Huber	10.1016/j.jaccas.2024.103128	Use of a Bare Metal Dissection Stent to Manage Aortic Embolization of a Self-Expanding Valve.	671 KB
39963231	ok	EuropePMC	39963231_Salem_2025.pdf	JACC Case Rep	2025	Salem	10.1016/j.jaccas.2024.103119	Mitral Valve Repair and SAVR After TAVR Complicated With Endocarditis and Mitral Valve Leaflet Perforation.	1176 KB
39963234	ok	EuropePMC	39963234_Vu_2025.pdf	JACC Case Rep	2025	Vu	10.1016/j.jaccas.2024.103120	Snare-Assisted Management of Nose Cone Entrapment During Self-Expandable Transcatheter Aortic Valve Replacement.	1575 KB
39972698	ok	EuropePMC	39972698_Zhang_2025.pdf	JACC Case Rep	2025	Zhang	10.1016/j.jaccas.2024.102933	Simultaneous TAVR and PBPV in Patient With Multiple Valve Disease.	3868 KB
39972705	ok	EuropePMC	39972705_Sambyal_2025.pdf	JACC Case Rep	2025	Sambyal	10.1016/j.jaccas.2024.102952	Rare Case of Early Mycotic Ascending Aortic Aneurysm Following Transcatheter Aortic Valve Replacement.	680 KB
40054911	ok	EuropePMC	40054911_Chatterjee_2025.pdf	JACC Case Rep	2025	Chatterjee	10.1016/j.jaccas.2024.103193	Percutaneous Management of Left Ventricular Perforation Causing Late Cardiac Tamponade After Transcatheter Aortic Valve Implantation.	881 KB
40054912	ok	EuropePMC	40054912_Jo_2025.pdf	JACC Case Rep	2025	Jo	10.1016/j.jaccas.2024.103112	Mavacamten for Left Ventricular Outflow Tract Obstruction After Successful Transcatheter Aortic Valve Implantation.	2134 KB
40118607	ok	EuropePMC	40118607_Tsutsui_2025.pdf	JACC Case Rep	2025	Tsutsui	10.1016/j.jaccas.2024.102967	Peri-Mitral Atrial Tachycardia Following Transcatheter Aortic Valve Replacement.	1296 KB
40118636	ok	EuropePMC	40118636_Golzarian_2025.pdf	JACC Case Rep	2025	Golzarian	10.1016/j.jaccas.2024.103200	Valve-in-Valve TAVR Complicated by Left Main Coronary Obstruction Salvaged by Left Atrial VA-ECMO.	1684 KB
40155119	ok	EuropePMC	40155119_Kanehama_2025.pdf	JACC Case Rep	2025	Kanehama	10.1016/j.jaccas.2025.103410	Progression of Paravalvular Leak and Hemolytic Anemia After Implantation of Fifth-Generation Balloon-Expandable Transcatheter Heart Valve.	1669 KB
40155144	ok	EuropePMC	40155144_Polat_2025.pdf	JACC Case Rep	2025	Polat	10.1016/j.jaccas.2025.103234	Strategic Prosthesis Selection for Staged TAVI and Minimally Invasive Mitral Valve Surgery in a High-Risk Patient.	892 KB
40155146	ok	EuropePMC	40155146_Annabathula_2025.pdf	JACC Case Rep	2025	Annabathula	10.1016/j.jaccas.2025.103545	Transcatheter Aortic Valve Replacement for Valvular Shock in an Extremely Large Annulus.	1985 KB
40185608	ok	EuropePMC	40185608_Davalan_2025.pdf	JACC Case Rep	2025	Davalan	10.1016/j.jaccas.2025.103376	Acute Iatrogenic Aortic Root Dissection With Pseudoaneurysm After Transcatheter Aortic Valve Implantation.	1362 KB
40250932	ok	EuropePMC	40250932_Nandhakumar_2025.pdf	JACC Case Rep	2025	Nandhakumar	10.1016/j.jaccas.2025.103673	Prosthetic Heart Valve Interactions and Their Clinical Significance During Transcatheter Left-Sided Double Valve Replacement.	1428 KB
40250941	ok	EuropePMC	40250941_Ghoneem_2025.pdf	JACC Case Rep	2025	Ghoneem	10.1016/j.jaccas.2024.103197	Buckling Under Pressure: Evolut FX Delivery System Malfunction and Failure to Recapture During TAVR.	1365 KB
40250946	ok	EuropePMC	40250946_Nandhakumar_2025.pdf	JACC Case Rep	2025	Nandhakumar	10.1016/j.jaccas.2025.103370	Prediction of Prosthetic Heart Valve Interaction During Transcatheter Double-Valve Replacement Using a Bench Model.	3778 KB
40252063	ok	EuropePMC	40252063_Tan_2025.pdf	JACC Case Rep	2025	Tan	10.1016/j.jaccas.2025.103922	One-Stop TEVAR and TAVR Procedure for Severe Aortic Stenosis With Aortic Arch Aneurysm.	1900 KB
40252065	ok	EuropePMC	40252065_Liu_2025.pdf	JACC Case Rep	2025	Liu	10.1016/j.jaccas.2025.103929	Procedural Strategies in Transcatheter Aortic Valve Replacement for Patients With Small Aortic Annulus and Aortic Stenosis.	3505 KB
40252068	ok	EuropePMC	40252068_Ma_2025.pdf	JACC Case Rep	2025	Ma	10.1016/j.jaccas.2025.103919	Unusual Case of Acute Type A Aortic Dissection During TAVR Bailout With a Self-Expanding Valve.	1334 KB
40252070	ok	EuropePMC	40252070_Sun_2025.pdf	JACC Case Rep	2025	Sun	10.1016/j.jaccas.2025.103928	Valve Dragging Technique in Valve Migration After Self-Expanding Transcatheter Aortic Valve Replacement.	1285 KB
40345731	ok	EuropePMC	40345731_Sava_2025.pdf	JACC Case Rep	2025	Sava	10.1016/j.jaccas.2025.103286	Orthotopic Left Main Chimney Stenting to Prevent Stent Compression After Transcatheter Aortic Valve Replacement.	859 KB
40379370	ok	EuropePMC	40379370_Qin_2025.pdf	JACC Case Rep	2025	Qin	10.1016/j.jaccas.2025.104020	Type 0 Severe Calcified Bicuspid Aortic Valve With Aneurysmal Repaired With TaurusElite.	1074 KB
40379374	ok	EuropePMC	40379374_Liang_2025.pdf	JACC Case Rep	2025	Liang	10.1016/j.jaccas.2025.104023	Transcatheter Aortic Valve Replacement in Severe Horizontal Heart With Acute Aortic Angulation.	1018 KB
40480763	ok	EuropePMC	40480763_Cavazza_2025.pdf	JACC Case Rep	2025	Cavazza	10.1016/j.jaccas.2025.103610	Transaxillary TAVR Complicated by Subclavian Pseudoaneurysm and Vertebral Artery Sacrifice.	1740 KB
40480773	ok	EuropePMC	40480773_Fang_2025.pdf	JACC Case Rep	2025	Fang	10.1016/j.jaccas.2025.103912	Do Not BASILICA the New Valve.	2995 KB
40541343	ok	EuropePMC	40541343_George_2025.pdf	JACC Case Rep	2025	George	10.1016/j.jaccas.2025.103768	A Novel Approach for Cerebral Embolic Protection With Single-Artery Access in TAVR.	2112 KB
40541354	ok	EuropePMC	40541354_Fern_ndez-Cord_n_2025.pdf	JACC Case Rep	2025	Fernández-Cordón	10.1016/j.jaccas.2025.103758	Left Ventricle Wire Loss During TAVR: How to Solve it Through Antegrade and Retrograde Approach.	2060 KB
40579075	ok	EuropePMC	40579075_Al-Dalakta_2025.pdf	JACC Case Rep	2025	Al-Dalakta	10.1016/j.jaccas.2025.104012	Radiation-Induced Cardiac Disease: Dilemma of Transcatheter Aortic Valve Replacement vs Surgical Aortic Valve Replacement and Pericardiectomy.	1728 KB
40589295	ok	EuropePMC	40589295_Ghoneem_2025.pdf	JACC Case Rep	2025	Ghoneem	10.1016/j.jaccas.2025.104669	First-in-Human BASILICA Before Valve-in-Valve TAVR in a Mechanically Expanded, Legacy Valve.	17132 KB
40615174	ok	EuropePMC	40615174_Heller_2025.pdf	JACC Case Rep	2025	Heller	10.1016/j.jaccas.2025.103886	From Severe Aortic Stenosis to Mitral TEER: Overcoming Surgical AVR Complicated With LVOTO.	1560 KB
40615221	ok	EuropePMC	40615221_Abdelfattah_2025.pdf	JACC Case Rep	2025	Abdelfattah	10.1016/j.jaccas.2025.103779	Obstructive Hypertrophic Cardiomyopathy and Aortic Stenosis With High Surgical Risk.	3274 KB
40615222	ok	EuropePMC	40615222_Kawamoto_2025.pdf	JACC Case Rep	2025	Kawamoto	10.1016/j.jaccas.2025.103913	Successful Emergency Transcatheter Aortic Valve Replacement for Severe Aortic Regurgitation in Takayasu's Arteritis.	3704 KB
40645715	ok	EuropePMC	40645715_Pennacchi_2025.pdf	JACC Case Rep	2025	Pennacchi	10.1016/j.jaccas.2025.103907	"Balloon-Expandable Transcatheter Heart Valve Dislocation Into the Left Ventricle Successfully Repositioned by an ""Anchoring Balloon""."	1393 KB
40645725	ok	EuropePMC	40645725_Jabagi_2025.pdf	JACC Case Rep	2025	Jabagi	10.1016/j.jaccas.2025.103885	Early TAVR Explantation Due to a Large Mobile Leaflet Mass and Severe Prosthetic Valve Stenosis.	1198 KB
40681254	ok	EuropePMC	40681254_Ackermann_2025.pdf	JACC Case Rep	2025	Ackermann	10.1016/j.jaccas.2025.104169	Subclinical Delayed Coronary Ostial Obstruction After Transcatheter Aortic Valve Replacement With a High-Frame Transcatheter Valve.	1390 KB
40713119	ok	EuropePMC	40713119_Olorunda_2025.pdf	JACC Case Rep	2025	Olorunda	10.1016/j.jaccas.2025.104154	Stabilization of Embolized Transcatheter Heart Valve With a Left Subclavian Artery Stent.	942 KB
40750137	ok	EuropePMC	40750137_Issany_2025.pdf	JACC Case Rep	2025	Issany	10.1016/j.jaccas.2025.104437	Delayed Migration of a Transcatheter Aortic Valve Into the Left Ventricular Outflow Tract.	7567 KB
40750151	ok	EuropePMC	40750151_Giustino_2025.pdf	JACC Case Rep	2025	Giustino	10.1016/j.jaccas.2025.104431	Balloon-Assisted Leaflet Laceration to Prevent Coronary Obstruction During TAVR: Step-by-Step Modified UNICORN.	12141 KB
40750182	ok	EuropePMC	40750182_Mengi_2025.pdf	JACC Case Rep	2025	Mengi	10.1016/j.jaccas.2025.104345	Live Hemodynamics-Assisted Simultaneous Aortic and Mitral Valve-in-Valve Replacement.	46396 KB
40780803	ok	EuropePMC	40780803_Kim_2025.pdf	JACC Case Rep	2025	Kim	10.1016/j.jaccas.2025.104565	Delayed Mitral Prosthesis Dehiscence Following Transcatheter Aortic Valve Replacement.	14667 KB
40944680	ok	EuropePMC	40944680_Vidoni_2025.pdf	JACC Case Rep	2025	Vidoni	10.1016/j.jaccas.2025.105350	Dual Percutaneous Repair for Aortic Annulus Rupture After Balloon-Expandable TAVR.	9342 KB
40973330	ok	Unpaywall	40973330_Mussayev_2025.pdf	JACC Case Rep	2025	Mussayev	10.1016/j.jaccas.2025.105094	The First Pediatric LAMPOON Procedure for TMVR (Valve-in-Ring).	Unpaywall 2404 KB
41005842	ok	EuropePMC	41005842_Lateef_2025.pdf	JACC Case Rep	2025	Lateef	10.1016/j.jaccas.2025.105222	Left Main Obstruction From Paravalvular Leak Closure Device in Patient With Surgical Aortic Valve Replacement.	6926 KB
41005845	ok	EuropePMC	41005845_Mason_2025.pdf	JACC Case Rep	2025	Mason	10.1016/j.jaccas.2025.105228	Iatrogenic Reopening of a Congenital VSD After TAVR.	3067 KB
41043937	ok	EuropePMC	41043937_Taniguchi_2025.pdf	JACC Case Rep	2025	Taniguchi	10.1016/j.jaccas.2025.105313	Acute Occlusion of Right Coronary Artery During Transcatheter Aortic Valve Replacement of a Bicuspid Valve.	5834 KB
41072982	ok	EuropePMC	41072982_Altaf_2025.pdf	JACC Case Rep	2025	Altaf	10.1016/j.jaccas.2025.105299	Renal Artery Perforation During Transcatheter Aortic Valve Replacement.	3140 KB
41106893	ok	EuropePMC	41106893_Frisoli_2025.pdf	JACC Case Rep	2025	Frisoli	10.1016/j.jaccas.2025.105373	Transseptal Access Through Prior Atrial Septal Occluder Device for TMVR for Prosthetic Mitral Valve Degeneration.	3336 KB
41106900	ok	EuropePMC	41106900_Sami_2025.pdf	JACC Case Rep	2025	Sami	10.1016/j.jaccas.2025.105478	Alpha-Gal Syndrome and Aortic Valve Replacement.	1955 KB
41108318	ok	EuropePMC	41108318_Love_2025.pdf	JACC Case Rep	2025	Love	10.1016/j.jaccas.2025.105756	Non-ST-Segment Elevation Myocardial Infarction Secondary to Embolic Prosthetic Valve Thrombus: A Rare Post-Transcatheter Aortic Valve Replacement Complication.	1904 KB
41123533	ok	EuropePMC	41123533_Rehan_2025.pdf	JACC Case Rep	2025	Rehan	10.1016/j.jaccas.2025.105754	Intravascular Lithotripsy-Enabled Transcatheter Aortic Valve Replacement in Heavily Calcified Bicuspid Aortic Valve.	13423 KB
41128692	ok	EuropePMC	41128692_Hakim_2025.pdf	JACC Case Rep	2025	Hakim	10.1016/j.jaccas.2025.105840	Intraprocedural Cardiac Arrest and Multivessel Spasm During Transcatheter Aortic Valve Replacement.	2658 KB
41136032	ok	EuropePMC	41136032_Khan_2025.pdf	JACC Case Rep	2025	Khan	10.1016/j.jaccas.2025.104356	Surgical Reintervention for Complex, Multivalvular Rheumatic Heart Disease.	3839 KB
41136039	ok	EuropePMC	41136039_Asselin_2025.pdf	JACC Case Rep	2025	Asselin	10.1016/j.jaccas.2025.105666	Transfemoral Retrograde Transcatheter Mechanical Thrombectomy of Massive Left Ventricular Thrombus.	3165 KB
41136048	ok	EuropePMC	41136048_D_Errico_Ramirez_2025.pdf	JACC Case Rep	2025	D'Errico Ramirez	10.1016/j.jaccas.2025.105526	Septic Coronary Embolism and Myocardial Rupture After Valve-in-Valve TAVR Endocarditis.	7891 KB
41173625	ok	EuropePMC	41173625_Kameda_2025.pdf	JACC Case Rep	2025	Kameda	10.1016/j.jaccas.2025.105586	Late Complications of TAVR: Endocarditis and Dissection Managed With Strategic Surgery.	6030 KB
41175118	ok	EuropePMC	41175118_Tadokoro_2025.pdf	JACC Case Rep	2025	Tadokoro	10.1016/j.jaccas.2025.105917	Clinical Course After Transcatheter Aortic Valve Replacement for Takayasu Arteritis-Related Aortic Stenosis and Regurgitation.	6615 KB
41238236	ok	EuropePMC	41238236_Theriot_2025.pdf	JACC Case Rep	2025	Theriot	10.1016/j.jaccas.2025.105614	Reducing TAVR Vascular Complications Through Multidisciplinary Process Optimization.	4426 KB
41386941	ok	EuropePMC	41386941_Peng_2025.pdf	JACC Case Rep	2025	Peng	10.1016/j.jaccas.2025.105893	Bailout Strategies for Balloon Entrapment During TAVR in Type 0 Bicuspid Aortic Valve.	2046 KB
41269192	ok	EuropePMC	41269192_Valle_2026.pdf	JACC Case Rep	2026	Valle	10.1016/j.jaccas.2025.106066	Fibrinolysis for Apical Thrombus as a Bridge to Emergent Valve-in-Valve Transcatheter Aortic Valve Replacement.	8003 KB
41186541	exists	-	41186541_Kobari_2025.pdf	JACC Case Rep	2025	Kobari	10.1016/j.jaccas.2025.105930	ICE-Guided False Lumen Occlusion Following Combined TAVR and TEVAR.	5122 KB
41379053	exists	-	41379053_Valand_2026.pdf	JACC Case Rep	2026	Valand	10.1016/j.jaccas.2025.106215	Transcatheter Repair of Aortopulmonary Fistula With VSD Occluder After Surgical Aortic Valve Replacement for Aortic Valve Endocarditis.	2950 KB
41400611	exists	-	41400611_Ando_2026.pdf	JACC Case Rep	2026	Ando	10.1016/j.jaccas.2025.106523	Continuous Assessment of Left Ventricular Outflow Obstruction in Transcatheter Aortic Valve Implantation.	3153 KB
41532911	exists	-	41532911_Nishi_2026.pdf	JACC Case Rep	2026	Nishi	10.1016/j.jaccas.2025.106527	Intravascular Lithotripsy of Negatively Remodeled Calcified Abdominal Aorta to Facilitate Transfemoral Transcatheter Aortic Valve Replacement.	6490 KB
41563190	exists	-	41563190_Sedhom_2026.pdf	JACC Case Rep	2026	Sedhom	10.1016/j.jaccas.2025.106654	Transcatheter Closure of an LVOT to LA Fistula After Aortic Bioprosthetic Valve Fracture.	4303 KB
41641912	exists	-	41641912_Hu_2026.pdf	JACC Case Rep	2026	Hu	10.1016/j.jaccas.2025.106415	Aortic Valve Stenosis and Insufficiency Combined With Aortic Coarctation.	5830 KB
41670576	exists	-	41670576_Shrestha_2026.pdf	JACC Case Rep	2026	Shrestha	10.1016/j.jaccas.2026.106960	Obstructive Hypoattenuated Leaflet Thickening in a Complex Valve-in-Valve TAVR Successfully Treated With Thrombolysis.	5233 KB
41689575	exists	-	41689575_Saigan_2026.pdf	JACC Case Rep	2026	Saigan	10.1016/j.jaccas.2026.106869	Strategic Reintervention With Marked Oversizing and Overexpansion in TAV-in-SAV for Hemolytic Paravalvular Leak.	8485 KB
41784304	exists	-	41784304_Kodesh_2026.pdf	JACC Case Rep	2026	Kodesh	10.1016/j.jaccas.2025.105225	Multidisciplinary Management and Hemodynamic Rescue of Cardiogenic Shock in RCA STEMI With Severe Mitral Regurgitation.	5642 KB
41811287	exists	-	41811287_Hu_2026.pdf	JACC Case Rep	2026	Hu	10.1016/j.jaccas.2026.107362	Management of a Chronically Infolded Self-Expanding Aortic Valve.	8394 KB
41817271	exists	-	41817271_Asselin_2026.pdf	JACC Case Rep	2026	Asselin	10.1016/j.jaccas.2026.106928	Removal of Massive Left Atrial Appendage Closure Device-Related Thrombus With Complete Embolic Protection: Step-by-Step Technique.	5796 KB
41837945	exists	-	41837945_Kamitani_2026.pdf	JACC Case Rep	2026	Kamitani	10.1016/j.jaccas.2026.107381	Surgical Findings of Iatrogenic Aortic Regurgitation After Percutaneous Left Atrial Appendage Device Retrieval.	4296 KB
41925257	exists	-	41925257_Jha_2026.pdf	JACC Case Rep	2026	Jha	10.1016/j.jaccas.2026.106864	Post-Myocardial Infarction Ventricular Septal Defect Percutaneous Closure.	9394 KB
19778770	no_pdf	-		JACC Cardiovasc Interv	2009	Fraccaro	10.1016/j.jcin.2009.06.016	Expanding the eligibility for transcatheter aortic valve implantation the trans-subclavian retrograde approach using: the III generation CoreValve revalving system.	EPMC: no PMC | UPW: Unpaywall: no PDF URL
21777894	no_pdf	-		JACC Cardiovasc Interv	2011	Madder	10.1016/j.jcin.2011.05.009	The first report of transcatheter aortic valve implantation and percutaneous mitral valve repair in the same patient.	EPMC: no PMC | UPW: Unpaywall: no PDF URL
22511742	no_pdf	-		Circ Cardiovasc Interv	2012	Agostoni	10.1161/CIRCINTERVENTIONS.112.968396	Frozen leaflet: a dreadful complication of transcatheter aortic valve implantation.	EPMC: no PMC | UPW: Unpaywall: no PDF URL
22589295	no_pdf	-		Circ Cardiovasc Interv	2012	Pasic	10.1161/CIRCINTERVENTIONS.111.967315	Rupture of the device landing zone during transcatheter aortic valve implantation: a life-threatening but treatable complication.	EPMC: no PMC | UPW: Unpaywall: tried 1 URLs, all failed
23597608	no_pdf	-		JACC Cardiovasc Interv	2013	Dahdouh	10.1016/j.jcin.2012.08.029	Aortic arch rupture: an uncommon but fatal complication during transcatheter aortic valve implantation.	EPMC: no PMC | UPW: Unpaywall: no PDF URL
24550532	no_pdf	-		Circ Cardiovasc Interv	2014	Fassa	10.1161/CIRCINTERVENTIONS.113.000995	Successful endovascular stroke rescue with retrieval of an embolized calcium fragment after transcatheter aortic valve replacement.	EPMC: no PMC | UPW: Unpaywall: tried 1 URLs, all failed
24742947	no_pdf	-		JACC Cardiovasc Interv	2014	Hendry	10.1016/j.jcin.2013.07.021	Successful transcatheter aortic valve replacement in a patient with a sinus of Valsalva aneurysm.	EPMC: no PMC | UPW: Unpaywall: no PDF URL
24954572	no_pdf	-		JACC Cardiovasc Interv	2014	Chen	10.1016/j.jcin.2014.05.001	Transcatheter aortic valve implantation in a patient with severe bicuspid aortic valve stenosis and ascending aortic aneurysm.	EPMC: no PMC | UPW: Unpaywall: no PDF URL
25240545	no_pdf	-		JACC Cardiovasc Interv	2014	Martínez	10.1016/j.jcin.2014.02.021	Transcatheter valve-in-valve replacement in complex cyanotic congenital heart disease with a single ventricle.	EPMC: no PMC | UPW: Unpaywall: no PDF URL
25459044	no_pdf	-		JACC Cardiovasc Interv	2014	Acosta-Vélez	10.1016/j.jcin.2014.05.034	Acute artery occlusion during transcatheter aortic valve replacement in a patient with an anomalous origin of the circumflex artery.	EPMC: no PMC | UPW: Unpaywall: no PDF URL
25616835	no_pdf	-		JACC Cardiovasc Interv	2015	Price	10.1016/j.jcin.2014.07.027	Impingement of left main ostium after device occlusion of paravalvular leak post-transcatheter aortic valve replacement.	EPMC: no PMC | UPW: Unpaywall: no PDF URL
25700765	no_pdf	-		JACC Cardiovasc Interv	2015	Wolf	10.1016/j.jcin.2013.11.030	Successful repositioning of a direct flow medical 25-mm valve due to acute occlusion of right coronary artery during transcatheter aortic valve replacement procedure.	EPMC: no PMC | UPW: Unpaywall: no PDF URL
25794508	no_pdf	-		Circ Cardiovasc Interv	2015	Buzzatti	10.1161/CIRCINTERVENTIONS.114.002331	Use of double stiff wire allows successful transfemoral transcatheter aortic valve implantation through extreme thoracic aorta tortuosity.	EPMC: no PMC | UPW: Unpaywall: no PDF URL
26003030	no_pdf	-		JACC Cardiovasc Interv	2015	Mark	10.1016/j.jcin.2015.01.034	Percutaneous Ventricular Septal Defect Closure After Sapien 3 Transcatheter Aortic Valve Replacement.	EPMC: no PMC | UPW: Unpaywall: no PDF URL
26038483	no_pdf	-		Circ Cardiovasc Interv	2015	Gössl	10.1161/CIRCINTERVENTIONS.114.002253	Pulmonary hypertension in patients undergoing transcatheter aortic valve replacement: discussion of the current evidence.	EPMC: no PMC | UPW: Unpaywall: no PDF URL
26292591	no_pdf	-		JACC Cardiovasc Interv	2015	Anuwatworn	10.1016/j.jcin.2015.03.037	Stroke With Valve Tissue Embolization During Transcatheter Aortic Valve Replacement Treated With Endovascular Intervention.	EPMC: no PMC | UPW: Unpaywall: no PDF URL
26315749	no_pdf	-		JACC Cardiovasc Interv	2015	Lugomirski	10.1016/j.jcin.2015.03.033	Late Presentation of Left Main Coronary Artery Impingement Post-Transcatheter Aortic Valve Replacement.	EPMC: no PMC | UPW: Unpaywall: no PDF URL
26476607	no_pdf	-		JACC Cardiovasc Interv	2015	Saji	10.1016/j.jcin.2015.06.027	Anterior Mitral Leaflet Perforation During Transcatheter Aortic Valve Replacement in a Patient With Mitral Annular Calcification.	EPMC: no PMC | UPW: Unpaywall: no PDF URL
26585626	no_pdf	-		JACC Cardiovasc Interv	2015	Williams	10.1016/j.jcin.2015.07.025	Embolization of Left Atrial Appendage Thrombus During Transcatheter Aortic Valve Replacement: A Potential Mechanism of Periprocedural Stroke.	EPMC: no PMC | UPW: Unpaywall: no PDF URL
26718523	no_pdf	-		JACC Cardiovasc Interv	2015	Merchan	10.1016/j.jcin.2015.06.032	Novel Percutaneous Apical Exclusion of a Left Ventricular Pseudoaneurysm After Complicated Transapical Transcatheter Aortic Valve Replacement.	EPMC: no PMC | UPW: Unpaywall: no PDF URL
26777328	no_pdf	-		JACC Cardiovasc Interv	2016	Oda	10.1016/j.jcin.2015.10.037	1-Year Follow-Up of Contained Aortic Root Rupture After Transcatheter Aortic Valve Replacement.	EPMC: no PMC | UPW: Unpaywall: no PDF URL
27013164	no_pdf	-		JACC Cardiovasc Interv	2016	Kaneko	10.1016/j.jcin.2016.01.022	Multivessel Coronary Artery Spasm After Transcatheter Aortic Valve Replacement.	EPMC: no PMC | UPW: Unpaywall: no PDF URL
27101919	no_pdf	-		JACC Cardiovasc Interv	2016	Sawaya	10.1016/j.jcin.2016.01.040	An Unusual Complication After Rupture of the SAPIEN 3 Valve Balloon During Transcatheter Aortic Valve Replacement.	EPMC: no PMC | UPW: Unpaywall: no PDF URL
27372192	no_pdf	-		JACC Cardiovasc Interv	2016	Issa	10.1016/j.jcin.2016.04.039	High-Risk Transcatheter Aortic Valve Replacement With Evolut-R CoreValve to Simultaneously Treat Severe Calcific Aortic Stenosis and a Large Aortic Root Pseudoaneurysm.	EPMC: no PMC | UPW: Unpaywall: no PDF URL
27372196	no_pdf	-		JACC Cardiovasc Interv	2016	Couture	10.1016/j.jcin.2016.04.041	Stuck Leaflet After Transcatheter Aortic Valve Replacement With a SAPIEN-3 Valve: New Valve, Old Complication.	EPMC: no PMC | UPW: Unpaywall: no PDF URL
27491617	no_pdf	-		JACC Cardiovasc Interv	2016	Broyd	10.1016/j.jcin.2016.05.016	Late Presentation of a Semicomplete Occluded Right Coronary Artery by a Direct Flow Valve Preventing Interventional Therapy for ST-Segment Elevation Myocardial Infarction.	EPMC: no PMC | UPW: Unpaywall: no PDF URL
28330643	no_pdf	-		JACC Cardiovasc Interv	2017	Kamioka	10.1016/j.jcin.2017.02.003	Transcatheter Treatment of Subaortic Stenosis Via Transcaval Access.	EPMC: no PMC | UPW: Unpaywall: no PDF URL
28527766	no_pdf	-		JACC Cardiovasc Interv	2017	Tay	10.1016/j.jcin.2017.03.035	Successful Transcatheter Aortic Valve Replacement for Severe Aortic Valve Regurgitation Following a David I Valve-Sparing Procedure.	EPMC: no PMC | UPW: Unpaywall: no PDF URL
28734884	no_pdf	-		JACC Cardiovasc Interv	2017	Kubo	10.1016/j.jcin.2017.05.011	Vascular Injury Caused by Retrieval of Ruptured and Detached Balloon Valvuloplasty Catheter During Transcatheter Aortic Valve Replacement.	EPMC: no PMC | UPW: Unpaywall: no PDF URL
28866041	no_pdf	-		JACC Cardiovasc Interv	2017	Pu	10.1016/j.jcin.2017.06.011	Transcatheter Closure of Aortic Anastomosis Leak Resulting in Patent Cabrol Shunt After Aortic Replacement.	EPMC: no PMC | UPW: Unpaywall: no PDF URL
28877885	no_pdf	-		Circ Cardiovasc Imaging	2017	Kong	10.1161/CIRCIMAGING.117.005987	Bicuspid Aortic Valve: What to Image in Patients Considered for Transcatheter Aortic Valve Replacement?	EPMC: no PMC | UPW: Unpaywall: no PDF URL
28893771	no_pdf	-		Circ Cardiovasc Interv	2017	Gandhi	10.1161/CIRCINTERVENTIONS.117.005312	MitraClip and Transcatheter Aortic Valve Replacement in a Patient With Recurrent Heart Failure.	EPMC: no PMC | UPW: Unpaywall: no PDF URL
28964762	no_pdf	-		JACC Cardiovasc Interv	2017	Spaziano	10.1016/j.jcin.2017.06.047	"Simultaneous TAVR and Left Main ""Chimney"" Stenting in a Patient With Low Left Main Height."	EPMC: no PMC | UPW: Unpaywall: no PDF URL
29471955	no_pdf	-		JACC Cardiovasc Interv	2018	Yoshida	10.1016/j.jcin.2017.11.017	A Case of Successful Reopening of Left Main Coronary Artery Occlusion After Transcatheter Aortic Valve Replacement.	EPMC: no PMC | UPW: Unpaywall: no PDF URL
29501546	no_pdf	-		JACC Cardiovasc Interv	2018	Goel	10.1016/j.jcin.2017.12.006	Successful MitraClip for Severe Mitral Regurgitation Secondary to Papillary Muscle Rupture as a Complication of Transcatheter Aortic Valve Replacement.	EPMC: no PMC | UPW: Unpaywall: no PDF URL
29680217	no_pdf	-		JACC Cardiovasc Interv	2018	Glassy	10.1016/j.jcin.2018.01.241	Delayed Left Main Narrowing From the Native Left Aortic Valve Leaflet After Transcatheter Aortic Valve Replacement With the Lotus Valve: A Successful Intervention for a Novel Complication.	EPMC: no PMC | UPW: Unpaywall: no PDF URL
30031716	no_pdf	-		JACC Cardiovasc Interv	2018	Ierovante	10.1016/j.jcin.2018.05.004	Prophylactic Ipsilateral Superficial Femoral Artery Access in Patients With Elevated Risk for Femoral Access Complications During Transfemoral Transcatheter Aortic Valve Replacement.	EPMC: no PMC | UPW: Unpaywall: no PDF URL
30121283	no_pdf	-		JACC Cardiovasc Interv	2018	Sanghvi	10.1016/j.jcin.2018.06.042	Intervention of Prohibitive Aortic and Iliac Atherosclerotic Stenosis to Allow Successful Transfemoral Transcatheter Aortic Valve Replacement.	EPMC: no PMC | UPW: Unpaywall: no PDF URL
30190072	no_pdf	-		JACC Cardiovasc Interv	2018	Xiong	10.1016/j.jcin.2018.06.002	Supra-Annular Sizing for Transcatheter Aortic Valve Replacement Candidates With Bicuspid Aortic Valve.	EPMC: no PMC | UPW: Unpaywall: no PDF URL
30286865	no_pdf	-		JACC Cardiovasc Interv	2018	Berry	10.1016/j.jcin.2018.07.046	Transcatheter Aortic Valve Replacement for Bioprosthetic Aortic Stenosis in Pregnancy.	EPMC: no PMC | UPW: Unpaywall: no PDF URL
30343025	no_pdf	-		JACC Cardiovasc Interv	2018	Cannata	10.1016/j.jcin.2018.08.024	Transcatheter Aortic Valve Replacement for Severe Aortic Regurgitation in Singleton-Merten Syndrome.	EPMC: no PMC | UPW: Unpaywall: no PDF URL
30562089	no_pdf	-		Circ Cardiovasc Interv	2018	Yaku	10.1161/CIRCINTERVENTIONS.118.006925	Utility of a 3-Dimensional Printed Model to Simulate Transcatheter Aortic Valve Implantation in a Patient With an Intramural Hematoma and a Penetrating Atherosclerotic Ulcer in the Distal Aortic Arch.	EPMC: no PMC | UPW: Unpaywall: tried 1 URLs, all failed
30621966	no_pdf	-		JACC Cardiovasc Interv	2019	Amano	10.1016/j.jcin.2018.10.011	Stabilized Sinus of Valsalva Aneurysm After CoreValve Implantation.	EPMC: no PMC | UPW: Unpaywall: no PDF URL
30772295	no_pdf	-		JACC Cardiovasc Interv	2019	Cruz-González	10.1016/j.jcin.2018.11.041	Facilitated Transfemoral Access by Shockwave Lithoplasty for Transcatheter Aortic Valve Replacement.	EPMC: no PMC | UPW: Unpaywall: no PDF URL
31255557	no_pdf	-		JACC Cardiovasc Interv	2019	Ochiai	10.1016/j.jcin.2019.04.044	Late Contained Aortic Root Rupture After Transcatheter Aortic Valve Replacement for Bicuspid Aortic Stenosis.	EPMC: no PMC | UPW: Unpaywall: no PDF URL
31255558	no_pdf	-		JACC Cardiovasc Interv	2019	Kaneko	10.1016/j.jcin.2019.04.025	Valsalva Sinus Perforation Following Valve Dislodgement During Transcatheter Aortic Valve Replacement.	EPMC: no PMC | UPW: Unpaywall: no PDF URL
31377267	no_pdf	-		JACC Cardiovasc Interv	2019	Sakurai	10.1016/j.jcin.2019.04.050	Fatal Leaflet Thrombus Following Transcatheter Aortic Valve Replacement During Temporary Anticoagulation Withdrawal.	EPMC: no PMC | UPW: Unpaywall: no PDF URL
31473235	no_pdf	-		JACC Cardiovasc Interv	2019	Hernández-Enríquez	10.1016/j.jcin.2019.05.031	Use of an Arteriovenous Loop to Facilitate Transcatheter Aortic Valve Alignment in a Patient With Giant Ascending Aortic Aneurysm.	EPMC: no PMC | UPW: Unpaywall: no PDF URL
31564595	no_pdf	-		JACC Cardiovasc Interv	2020	Ihdayhid	10.1016/j.jcin.2019.08.027	Complicated Interaction Between Balloon Expandable Sheath and Self-Expanding Aortic Bioprosthesis.	EPMC: no PMC | UPW: Unpaywall: no PDF URL
31883722	no_pdf	-		JACC Cardiovasc Interv	2020	Ninomiya	10.1016/j.jcin.2019.08.053	Corroborative Autopsy Findings for Current Concerns After Implantation of Self-Expandable Transcatheter Heart Valve.	EPMC: no PMC | UPW: Unpaywall: no PDF URL
32061606	no_pdf	-		JACC Cardiovasc Interv	2020	So	10.1016/j.jcin.2019.12.009	"The ""Snare-and-Anchor"" Technique to Rescue Frozen Mechanical Mitral Valve Leaflet After Transcatheter Aortic Valve Replacement."	EPMC: no PMC | UPW: Unpaywall: no PDF URL
32113926	no_pdf	-		JACC Cardiovasc Interv	2020	Sulimov	10.1016/j.jcin.2019.12.016	Bailout Bleeding Management for Large-Bore Access: Initial Experience With a Novel Technique.	EPMC: no PMC | UPW: Unpaywall: no PDF URL
32208736	no_pdf	-		Circ Cardiovasc Imaging	2020	Ro	10.1161/CIRCIMAGING.119.010162	Murphy's Law or Domino Effect: Severe Aortic Annular Calcification in Transcatheter Aortic Valve Replacement.	EPMC: no PMC | UPW: Unpaywall: no PDF URL
32305390	no_pdf	-		JACC Cardiovasc Interv	2020	Piayda	10.1016/j.jcin.2020.02.010	Delivery Catheter Capsule Demolition During the Deployment of a Medtronic CoreValve Evolut R.	EPMC: no PMC | UPW: Unpaywall: no PDF URL
32370620	no_pdf	-		Circ Cardiovasc Imaging	2020	Książczyk	10.1161/CIRCIMAGING.119.010263	Rare Case of Enormous Left Ventricular Pseudoaneurysm Complicating Transcatheter Aortic Valve Implantation.	EPMC: no PMC | UPW: Unpaywall: tried 1 URLs, all failed
32473885	no_pdf	-		JACC Cardiovasc Interv	2020	Kadoya	10.1016/j.jcin.2020.04.030	Multiple Small Bowel Perforations Associated With Cholesterol Crystal Embolization After Transcatheter Aortic Valve Replacement.	EPMC: no PMC | UPW: Unpaywall: no PDF URL
34727706	no_pdf	-		Circ Cardiovasc Imaging	2021	Fujimoto	10.1161/CIRCIMAGING.121.013357	Case With Transthyretin Amyloid Cardiomyopathy Complicated With Rapidly Progressive Aortic Stenosis Possibly Caused by Amyloid Deposition in the Aortic Valve.	EPMC: no PMC | UPW: Unpaywall: no PDF URL
38573255	no_pdf	-		JACC Cardiovasc Interv	2024	Dakroub	10.1016/j.jcin.2024.01.311	Transcatheter Aortic Valve Embolization Complicated by Inversion and Left Ventricular Outflow Tract Obstruction.	EPMC: no PMC | UPW: Unpaywall: no PDF URL
38602112	no_pdf	-		Circ Cardiovasc Imaging	2024	Nesta	10.1161/CIRCIMAGING.123.016151	Unrecognized Hole in the Aortic Stenosis Heart: Acquired Gerbode Defect Detected During Pretransfemoral Aortic Valve Implantation Evaluation.	EPMC: no PMC | UPW: Unpaywall: no PDF URL
38836356	no_pdf	-		Circ Cardiovasc Imaging	2024	Nesta	10.1161/CIRCIMAGING.123.016193	Potential Life-Threatening Complication After Transacatheter Aortic Valve Replacement: A Pseudoaneurysm of the Interventricular Septum.	EPMC: no PMC | UPW: Unpaywall: no PDF URL
39177559	no_pdf	-		JACC Cardiovasc Interv	2024	Fang	10.1016/j.jcin.2024.07.012	Mechanical Circulatory Support-Assisted Percutaneous Rescue of Ventricularly Embolized Transcatheter Heart Valve.	EPMC: no PMC | UPW: Unpaywall: no PDF URL
40682582	no_pdf	-		JACC Case Rep	2025	Patel	10.1016/j.jaccas.2025.104553	Salvaging Percutaneously a Suboptimal TAVR Deployment with Repositioning In the Thoracic Aorta: A Novel Snare-Mediated Approach to Prosthesis Malposition.	EPMC: err ReadTimeout: HTTPSConnectionPool(host='europepmc.org', port=443 | UPW: Unpaywall: no PDF URL
40780765	no_pdf	-		JACC Case Rep	2025	Betti	10.1016/j.jaccas.2025.104653	Mitral Transcatheter Edge-to-Edge Repair for Anterior Leaflet Flail Induced by Transapical Transcatheter Aortic Valve Replacement.	EPMC: err ReadTimeout: HTTPSConnectionPool(host='europepmc.org', port=443 | UPW: Unpaywall: no PDF URL
40846372	no_pdf	-		JACC Case Rep	2025	Husain	10.1016/j.jaccas.2025.104671	Iatrogenic VSDs After TAVRs and Electrophysiologic Implications.	EPMC: err ReadTimeout: HTTPSConnectionPool(host='europepmc.org', port=443 | UPW: Unpaywall: no PDF URL
41136054	no_pdf	-		JACC Case Rep	2025	Demir	10.1016/j.jaccas.2025.105343	TAV-in-TAV to Rescue Suboptimal Index TAVR: The Critical Role of Anatomy.	EPMC: err ReadTimeout: HTTPSConnectionPool(host='europepmc.org', port=443 | UPW: Unpaywall: no PDF URL
41238247	no_pdf	-		JACC Case Rep	2025	Theriot	10.1016/j.jaccas.2025.105711	Reducing Readmissions After Transcatheter Aortic Valve Replacement Through Enhanced Transitional Care.	EPMC: err ReadTimeout: HTTPSConnectionPool(host='europepmc.org', port=443 | UPW: Unpaywall: no PDF URL
41386948	no_pdf	-		JACC Case Rep	2025	Farrow-Cypel	10.1016/j.jaccas.2025.105896	Modern Management of Massive Pulmonary Emboli and Concurrent Grade III Splenic Laceration.	EPMC: err ReadTimeout: HTTPSConnectionPool(host='europepmc.org', port=443 | UPW: Unpaywall: no PDF URL
41563215	no_pdf	-		JACC Case Rep	2025	Nobile	10.1016/j.jaccas.2025.106579	Transcatheter Mitral Valve-in-Valve Replacement: Overcoming an Obstacle Race.	EPMC: no PMC | UPW: Unpaywall: no PDF URL
41396079	no_pdf	-		JACC Case Rep	2026	Frisoli	10.1016/j.jaccas.2025.106294	Left Main Coronary Artery Obstruction After Transcatheter Heart Valve Implantation for Aortic Regurgitation.	EPMC: err ReadTimeout: HTTPSConnectionPool(host='europepmc.org', port=443 | UPW: Unpaywall: no PDF URL
41537733	no_pdf	-		JACC Case Rep	2026	Onishi	10.1016/j.jaccas.2025.106548	Balloon Rupture of a Balloon-Expandable Valve in Redo TAVR for Failed Self-Expanding Valve.	EPMC: err ReadTimeout: HTTPSConnectionPool(host='europepmc.org', port=443 | UPW: Unpaywall: no PDF URL
41563194	no_pdf	-		JACC Case Rep	2026	Hauptmann	10.1016/j.jaccas.2025.106605	Transcatheter Mitral Repair as a Bridge to Cancer Therapy in a Young Patient With Marantic Endocarditis.	EPMC: err ReadTimeout: HTTPSConnectionPool(host='europepmc.org', port=443 | UPW: Unpaywall: no PDF URL
41665587	no_pdf	-		JACC Case Rep	2026	Cooney	10.1016/j.jaccas.2026.106921	Novel Use of Radiofrequency Guidewire in Leaflet Modification: The BABICORN and ROBIN Procedures.	EPMC: no PMC | UPW: Unpaywall: no PDF URL
41823903	no_pdf	-		JACC Case Rep	2026	Pompei	10.1016/j.jaccas.2026.107274	Frozen Leaflet During Transcatheter Balloon-Expandable Aortic Valve Implantation: Early Recognition and Safe Management.	EPMC: no PMC | UPW: Unpaywall: no PDF URL
41830936	no_pdf	-		JACC Case Rep	2026	Kumar	10.1016/j.jaccas.2026.107379	Anatomic Determinants and Procedural Strategies for TAVR in Patients With Prior Mechanical Mitral Valve Replacement.	EPMC: no PMC | UPW: Unpaywall: no PDF URL
41860492	no_pdf	-		JACC Case Rep	2026	Yamamoto	10.1016/j.jaccas.2026.107501	Valve Pop-Up and Infolding in Transcatheter Aortic Valve Replacement for a Heavily Calcified Bicuspid Valve.	EPMC: HTTP 500 | UPW: Unpaywall: no PDF URL
41879594	no_pdf	-		JACC Case Rep	2026	Prinz	10.1016/j.jaccas.2026.107552	Safety and Feasibility of Transcatheter Aortic Valve Replacement in Patients With Hematologic Neoplasms.	EPMC: HTTP 500 | UPW: Unpaywall: no PDF URL
41885655	no_pdf	-		JACC Case Rep	2026	Patil	10.1016/j.jaccas.2026.107633	Evaluation and Management of Cardiac Tamponade During Transcatheter Aortic Valve Replacement.	EPMC: no PMC | UPW: Unpaywall: no PDF URL
41902815	no_pdf	-		JACC Case Rep	2026	Silva	10.1016/j.jaccas.2026.107635	Aortic Root and Tricuspid Annulus Reconstruction for Transcatheter Valve Replacement-Associated Infective Endocarditis in an Octogenarian.	EPMC: no PMC | UPW: Unpaywall: no PDF URL
41902823	no_pdf	-		JACC Case Rep	2026	Corona	10.1016/j.jaccas.2026.107365	The Snubbed Complication: Why Postinfarction Ventricular Septal Defect Management Lacks Evidence-Based Guidance in 2026.	EPMC: no PMC | UPW: Unpaywall: no PDF URL
41979549	no_pdf	-		JACC Case Rep	2026	Liu	10.1016/j.jaccas.2026.107820	Transapical TAVR in Native Aortic Regurgitation With Chronic Type A Dissection.	EPMC: no PMC | UPW: Unpaywall: no PDF URL
42017247	no_pdf	-		JACC Case Rep	2026	Chen	10.1016/j.jaccas.2026.108304	A Combined Strategy for TAVR in High-Risk Anatomy: Small Ventricle and Low Coronary Ostia.	EPMC: no PMC | UPW: Unpaywall: no PDF URL
42017248	no_pdf	-		JACC Case Rep	2026	Xu	10.1016/j.jaccas.2026.108251	Precision Management of High-Risk Coronary Obstruction During TAVR Using a Physiology-Guided Strategy.	EPMC: no PMC | UPW: Unpaywall: no PDF URL
42017851	no_pdf	-		JACC Case Rep	2026	Jadvani	10.1016/j.jaccas.2026.108016	Late Sinus of Valsalva Sequestration After Transcatheter Aortic Valve Implantation in Native Aortic Valve.	EPMC: no PMC | UPW: Unpaywall: no PDF URL
