41879594	PMC13130912	10.1016/j.jaccas.2026.107552	JACC Case Rep	2026	Prinz	Safety and Feasibility of Transcatheter Aortic Valve Replacement in Patients With Hematologic Neoplasms.
41860492	PMC13130917	10.1016/j.jaccas.2026.107501	JACC Case Rep	2026	Yamamoto	Valve Pop-Up and Infolding in Transcatheter Aortic Valve Replacement for a Heavily Calcified Bicuspid Valve.
42017851		10.1016/j.jaccas.2026.108016	JACC Case Rep	2026	Jadvani	Late Sinus of Valsalva Sequestration After Transcatheter Aortic Valve Implantation in Native Aortic Valve.
42017248		10.1016/j.jaccas.2026.108251	JACC Case Rep	2026	Xu	Precision Management of High-Risk Coronary Obstruction During TAVR Using a Physiology-Guided Strategy.
42017247		10.1016/j.jaccas.2026.108304	JACC Case Rep	2026	Chen	A Combined Strategy for TAVR in High-Risk Anatomy: Small Ventricle and Low Coronary Ostia.
41837945	PMC13104369	10.1016/j.jaccas.2026.107381	JACC Case Rep	2026	Kamitani	Surgical Findings of Iatrogenic Aortic Regurgitation After Percutaneous Left Atrial Appendage Device Retrieval.
41811287	PMC13104054	10.1016/j.jaccas.2026.107362	JACC Case Rep	2026	Hu	Management of a Chronically Infolded Self-Expanding Aortic Valve.
41979549		10.1016/j.jaccas.2026.107820	JACC Case Rep	2026	Liu	Transapical TAVR in Native Aortic Regurgitation With Chronic Type A Dissection.
41925257	PMC13080837	10.1016/j.jaccas.2026.106864	JACC Case Rep	2026	Jha	Post-Myocardial Infarction Ventricular Septal Defect Percutaneous Closure.
41670576	PMC13080863	10.1016/j.jaccas.2026.106960	JACC Case Rep	2026	Shrestha	Obstructive Hypoattenuated Leaflet Thickening in a Complex Valve-in-Valve TAVR Successfully Treated With Thrombolysis.
41902823		10.1016/j.jaccas.2026.107365	JACC Case Rep	2026	Corona	The Snubbed Complication: Why Postinfarction Ventricular Septal Defect Management Lacks Evidence-Based Guidance in 2026.
41902815		10.1016/j.jaccas.2026.107635	JACC Case Rep	2026	Silva	Aortic Root and Tricuspid Annulus Reconstruction for Transcatheter Valve Replacement-Associated Infective Endocarditis in an Octogenarian.
41885655		10.1016/j.jaccas.2026.107633	JACC Case Rep	2026	Patil	Evaluation and Management of Cardiac Tamponade During Transcatheter Aortic Valve Replacement.
41689575	PMC13008538	10.1016/j.jaccas.2026.106869	JACC Case Rep	2026	Saigan	Strategic Reintervention With Marked Oversizing and Overexpansion in TAV-in-SAV for Hemolytic Paravalvular Leak.
41830936		10.1016/j.jaccas.2026.107379	JACC Case Rep	2026	Kumar	Anatomic Determinants and Procedural Strategies for TAVR in Patients With Prior Mechanical Mitral Valve Replacement.
41823903		10.1016/j.jaccas.2026.107274	JACC Case Rep	2026	Pompei	Frozen Leaflet During Transcatheter Balloon-Expandable Aortic Valve Implantation: Early Recognition and Safe Management.
41817271	PMC13002532	10.1016/j.jaccas.2026.106928	JACC Case Rep	2026	Asselin	Removal of Massive Left Atrial Appendage Closure Device-Related Thrombus With Complete Embolic Protection: Step-by-Step Technique.
41784304	PMC13100547	10.1016/j.jaccas.2025.105225	JACC Case Rep	2026	Kodesh	Multidisciplinary Management and Hemodynamic Rescue of Cardiogenic Shock in RCA STEMI With Severe Mitral Regurgitation.
41563194	PMC12948603	10.1016/j.jaccas.2025.106605	JACC Case Rep	2026	Hauptmann	Transcatheter Mitral Repair as a Bridge to Cancer Therapy in a Young Patient With Marantic Endocarditis.
41563190	PMC12948566	10.1016/j.jaccas.2025.106654	JACC Case Rep	2026	Sedhom	Transcatheter Closure of an LVOT to LA Fistula After Aortic Bioprosthetic Valve Fracture.
41537733	PMC12926021	10.1016/j.jaccas.2025.106548	JACC Case Rep	2026	Onishi	Balloon Rupture of a Balloon-Expandable Valve in Redo TAVR for Failed Self-Expanding Valve.
41532911	PMC12926003	10.1016/j.jaccas.2025.106527	JACC Case Rep	2026	Nishi	Intravascular Lithotripsy of Negatively Remodeled Calcified Abdominal Aorta to Facilitate Transfemoral Transcatheter Aortic Valve Replacement.
41400611	PMC12925999	10.1016/j.jaccas.2025.106523	JACC Case Rep	2026	Ando	Continuous Assessment of Left Ventricular Outflow Obstruction in Transcatheter Aortic Valve Implantation.
41665587		10.1016/j.jaccas.2026.106921	JACC Case Rep	2026	Cooney	Novel Use of Radiofrequency Guidewire in Leaflet Modification: The BABICORN and ROBIN Procedures.
41641912	PMC12881298	10.1016/j.jaccas.2025.106415	JACC Case Rep	2026	Hu	Aortic Valve Stenosis and Insufficiency Combined With Aortic Coarctation.
41396079	PMC12881268	10.1016/j.jaccas.2025.106294	JACC Case Rep	2026	Frisoli	Left Main Coronary Artery Obstruction After Transcatheter Heart Valve Implantation for Aortic Regurgitation.
41379053	PMC12882310	10.1016/j.jaccas.2025.106215	JACC Case Rep	2026	Valand	Transcatheter Repair of Aortopulmonary Fistula With VSD Occluder After Surgical Aortic Valve Replacement for Aortic Valve Endocarditis.
41269192	PMC12926073	10.1016/j.jaccas.2025.106066	JACC Case Rep	2026	Valle	Fibrinolysis for Apical Thrombus as a Bridge to Emergent Valve-in-Valve Transcatheter Aortic Valve Replacement.
41563215		10.1016/j.jaccas.2025.106579	JACC Case Rep	2025	Nobile	Transcatheter Mitral Valve-in-Valve Replacement: Overcoming an Obstacle Race.
41186541	PMC12802683	10.1016/j.jaccas.2025.105930	JACC Case Rep	2025	Kobari	ICE-Guided False Lumen Occlusion Following Combined TAVR and TEVAR.
41175118	PMC12802590	10.1016/j.jaccas.2025.105917	JACC Case Rep	2025	Tadokoro	Clinical Course After Transcatheter Aortic Valve Replacement for Takayasu Arteritis-Related Aortic Stenosis and Regurgitation.
41386948	PMC12861651	10.1016/j.jaccas.2025.105896	JACC Case Rep	2025	Farrow-Cypel	Modern Management of Massive Pulmonary Emboli and Concurrent Grade III Splenic Laceration.
41386941	PMC12861642	10.1016/j.jaccas.2025.105893	JACC Case Rep	2025	Peng	Bailout Strategies for Balloon Entrapment During TAVR in Type 0 Bicuspid Aortic Valve.
41128692	PMC12861657	10.1016/j.jaccas.2025.105840	JACC Case Rep	2025	Hakim	Intraprocedural Cardiac Arrest and Multivessel Spasm During Transcatheter Aortic Valve Replacement.
41123533	PMC12790210	10.1016/j.jaccas.2025.105754	JACC Case Rep	2025	Rehan	Intravascular Lithotripsy-Enabled Transcatheter Aortic Valve Replacement in Heavily Calcified Bicuspid Aortic Valve.
41108318	PMC12790216	10.1016/j.jaccas.2025.105756	JACC Case Rep	2025	Love	Non-ST-Segment Elevation Myocardial Infarction Secondary to Embolic Prosthetic Valve Thrombus: A Rare Post-Transcatheter Aortic Valve Replacement Complication.
41238247	PMC12676146	10.1016/j.jaccas.2025.105711	JACC Case Rep	2025	Theriot	Reducing Readmissions After Transcatheter Aortic Valve Replacement Through Enhanced Transitional Care.
41238236	PMC12676166	10.1016/j.jaccas.2025.105614	JACC Case Rep	2025	Theriot	Reducing TAVR Vascular Complications Through Multidisciplinary Process Optimization.
41173625	PMC12665857	10.1016/j.jaccas.2025.105586	JACC Case Rep	2025	Kameda	Late Complications of TAVR: Endocarditis and Dissection Managed With Strategic Surgery.
41136054	PMC12789762	10.1016/j.jaccas.2025.105343	JACC Case Rep	2025	Demir	TAV-in-TAV to Rescue Suboptimal Index TAVR: The Critical Role of Anatomy.
41136048	PMC12789756	10.1016/j.jaccas.2025.105526	JACC Case Rep	2025	D'Errico Ramirez	Septic Coronary Embolism and Myocardial Rupture After Valve-in-Valve TAVR Endocarditis.
41136039	PMC12789799	10.1016/j.jaccas.2025.105666	JACC Case Rep	2025	Asselin	Transfemoral Retrograde Transcatheter Mechanical Thrombectomy of Massive Left Ventricular Thrombus.
41136032	PMC12789743	10.1016/j.jaccas.2025.104356	JACC Case Rep	2025	Khan	Surgical Reintervention for Complex, Multivalvular Rheumatic Heart Disease.
41106900	PMC12793876	10.1016/j.jaccas.2025.105478	JACC Case Rep	2025	Sami	Alpha-Gal Syndrome and Aortic Valve Replacement.
41106893	PMC12793868	10.1016/j.jaccas.2025.105373	JACC Case Rep	2025	Frisoli	Transseptal Access Through Prior Atrial Septal Occluder Device for TMVR for Prosthetic Mitral Valve Degeneration.
40944680	PMC12793856	10.1016/j.jaccas.2025.105350	JACC Case Rep	2025	Vidoni	Dual Percutaneous Repair for Aortic Annulus Rupture After Balloon-Expandable TAVR.
41072982	PMC12516290	10.1016/j.jaccas.2025.105299	JACC Case Rep	2025	Altaf	Renal Artery Perforation During Transcatheter Aortic Valve Replacement.
41043937	PMC12540457	10.1016/j.jaccas.2025.105313	JACC Case Rep	2025	Taniguchi	Acute Occlusion of Right Coronary Artery During Transcatheter Aortic Valve Replacement of a Bicuspid Valve.
41005845	PMC12539483	10.1016/j.jaccas.2025.105228	JACC Case Rep	2025	Mason	Iatrogenic Reopening of a Congenital VSD After TAVR.
41005842	PMC12539440	10.1016/j.jaccas.2025.105222	JACC Case Rep	2025	Lateef	Left Main Obstruction From Paravalvular Leak Closure Device in Patient With Surgical Aortic Valve Replacement.
40973330	PMC12478498	10.1016/j.jaccas.2025.105094	JACC Case Rep	2025	Mussayev	The First Pediatric LAMPOON Procedure for TMVR (Valve-in-Ring).
40846372	PMC12371372	10.1016/j.jaccas.2025.104671	JACC Case Rep	2025	Husain	Iatrogenic VSDs After TAVRs and Electrophysiologic Implications.
40682582	PMC12371381	10.1016/j.jaccas.2025.104553	JACC Case Rep	2025	Patel	Salvaging Percutaneously a Suboptimal TAVR Deployment with Repositioning In the Thoracic Aorta: A Novel Snare-Mediated Approach to Prosthesis Malposition.
40589295	PMC12371379	10.1016/j.jaccas.2025.104669	JACC Case Rep	2025	Ghoneem	First-in-Human BASILICA Before Valve-in-Valve TAVR in a Mechanically Expanded, Legacy Valve.
40780803	PMC12426539	10.1016/j.jaccas.2025.104565	JACC Case Rep	2025	Kim	Delayed Mitral Prosthesis Dehiscence Following Transcatheter Aortic Valve Replacement.
40780765	PMC12426552	10.1016/j.jaccas.2025.104653	JACC Case Rep	2025	Betti	Mitral Transcatheter Edge-to-Edge Repair for Anterior Leaflet Flail Induced by Transapical Transcatheter Aortic Valve Replacement.
40750182	PMC12441542	10.1016/j.jaccas.2025.104345	JACC Case Rep	2025	Mengi	Live Hemodynamics-Assisted Simultaneous Aortic and Mitral Valve-in-Valve Replacement.
40750151	PMC12441510	10.1016/j.jaccas.2025.104431	JACC Case Rep	2025	Giustino	Balloon-Assisted Leaflet Laceration to Prevent Coronary Obstruction During TAVR: Step-by-Step Modified UNICORN.
40750137	PMC12441492	10.1016/j.jaccas.2025.104437	JACC Case Rep	2025	Issany	Delayed Migration of a Transcatheter Aortic Valve Into the Left Ventricular Outflow Tract.
40713119	PMC12441541	10.1016/j.jaccas.2025.104154	JACC Case Rep	2025	Olorunda	Stabilization of Embolized Transcatheter Heart Valve With a Left Subclavian Artery Stent.
40681254	PMC12441358	10.1016/j.jaccas.2025.104169	JACC Case Rep	2025	Ackermann	Subclinical Delayed Coronary Ostial Obstruction After Transcatheter Aortic Valve Replacement With a High-Frame Transcatheter Valve.
40645725	PMC12441434	10.1016/j.jaccas.2025.103885	JACC Case Rep	2025	Jabagi	Early TAVR Explantation Due to a Large Mobile Leaflet Mass and Severe Prosthetic Valve Stenosis.
40645715	PMC12441385	10.1016/j.jaccas.2025.103907	JACC Case Rep	2025	Pennacchi	Balloon-Expandable Transcatheter Heart Valve Dislocation Into the Left Ventricle Successfully Repositioned by an "Anchoring Balloon".
40615222	PMC12441395	10.1016/j.jaccas.2025.103913	JACC Case Rep	2025	Kawamoto	Successful Emergency Transcatheter Aortic Valve Replacement for Severe Aortic Regurgitation in Takayasu's Arteritis.
40615221	PMC12441245	10.1016/j.jaccas.2025.103779	JACC Case Rep	2025	Abdelfattah	Obstructive Hypertrophic Cardiomyopathy and Aortic Stenosis With High Surgical Risk.
40615174	PMC12441389	10.1016/j.jaccas.2025.103886	JACC Case Rep	2025	Heller	From Severe Aortic Stenosis to Mitral TEER: Overcoming Surgical AVR Complicated With LVOTO.
40579075	PMC12273823	10.1016/j.jaccas.2025.104012	JACC Case Rep	2025	Al-Dalakta	Radiation-Induced Cardiac Disease: Dilemma of Transcatheter Aortic Valve Replacement vs Surgical Aortic Valve Replacement and Pericardiectomy.
40541354	PMC12198634	10.1016/j.jaccas.2025.103758	JACC Case Rep	2025	Fernández-Cordón	Left Ventricle Wire Loss During TAVR: How to Solve it Through Antegrade and Retrograde Approach.
40541343	PMC12198642	10.1016/j.jaccas.2025.103768	JACC Case Rep	2025	George	A Novel Approach for Cerebral Embolic Protection With Single-Artery Access in TAVR.
40480773	PMC12235176	10.1016/j.jaccas.2025.103912	JACC Case Rep	2025	Fang	Do Not BASILICA the New Valve.
40480763	PMC12235144	10.1016/j.jaccas.2025.103610	JACC Case Rep	2025	Cavazza	Transaxillary TAVR Complicated by Subclavian Pseudoaneurysm and Vertebral Artery Sacrifice.
40379374	PMC12145055	10.1016/j.jaccas.2025.104023	JACC Case Rep	2025	Liang	Transcatheter Aortic Valve Replacement in Severe Horizontal Heart With Acute Aortic Angulation.
40379370	PMC12145014	10.1016/j.jaccas.2025.104020	JACC Case Rep	2025	Qin	Type 0 Severe Calcified Bicuspid Aortic Valve With Aneurysmal Repaired With TaurusElite.
40252070	PMC12144960	10.1016/j.jaccas.2025.103928	JACC Case Rep	2025	Sun	Valve Dragging Technique in Valve Migration After Self-Expanding Transcatheter Aortic Valve Replacement.
40252068	PMC12145044	10.1016/j.jaccas.2025.103919	JACC Case Rep	2025	Ma	Unusual Case of Acute Type A Aortic Dissection During TAVR Bailout With a Self-Expanding Valve.
40252065	PMC12145061	10.1016/j.jaccas.2025.103929	JACC Case Rep	2025	Liu	Procedural Strategies in Transcatheter Aortic Valve Replacement for Patients With Small Aortic Annulus and Aortic Stenosis.
40252063	PMC12145011	10.1016/j.jaccas.2025.103922	JACC Case Rep	2025	Tan	One-Stop TEVAR and TAVR Procedure for Severe Aortic Stenosis With Aortic Arch Aneurysm.
40345731	PMC12245473	10.1016/j.jaccas.2025.103286	JACC Case Rep	2025	Sava	Orthotopic Left Main Chimney Stenting to Prevent Stent Compression After Transcatheter Aortic Valve Replacement.
40250946	PMC12046992	10.1016/j.jaccas.2025.103370	JACC Case Rep	2025	Nandhakumar	Prediction of Prosthetic Heart Valve Interaction During Transcatheter Double-Valve Replacement Using a Bench Model.
40250941	PMC12046782	10.1016/j.jaccas.2024.103197	JACC Case Rep	2025	Ghoneem	Buckling Under Pressure: Evolut FX Delivery System Malfunction and Failure to Recapture During TAVR.
40250932	PMC12047006	10.1016/j.jaccas.2025.103673	JACC Case Rep	2025	Nandhakumar	Prosthetic Heart Valve Interactions and Their Clinical Significance During Transcatheter Left-Sided Double Valve Replacement.
40185608	PMC12046770	10.1016/j.jaccas.2025.103376	JACC Case Rep	2025	Davalan	Acute Iatrogenic Aortic Root Dissection With Pseudoaneurysm After Transcatheter Aortic Valve Implantation.
40155146	PMC12014295	10.1016/j.jaccas.2025.103545	JACC Case Rep	2025	Annabathula	Transcatheter Aortic Valve Replacement for Valvular Shock in an Extremely Large Annulus.
40155144	PMC12014338	10.1016/j.jaccas.2025.103234	JACC Case Rep	2025	Polat	Strategic Prosthesis Selection for Staged TAVI and Minimally Invasive Mitral Valve Surgery in a High-Risk Patient.
40155119	PMC12014321	10.1016/j.jaccas.2025.103410	JACC Case Rep	2025	Kanehama	Progression of Paravalvular Leak and Hemolytic Anemia After Implantation of Fifth-Generation Balloon-Expandable Transcatheter Heart Valve.
40118636	PMC12011160	10.1016/j.jaccas.2024.103200	JACC Case Rep	2025	Golzarian	Valve-in-Valve TAVR Complicated by Left Main Coronary Obstruction Salvaged by Left Atrial VA-ECMO.
40118607	PMC12011172	10.1016/j.jaccas.2024.102967	JACC Case Rep	2025	Tsutsui	Peri-Mitral Atrial Tachycardia Following Transcatheter Aortic Valve Replacement.
40054912	PMC11911844	10.1016/j.jaccas.2024.103112	JACC Case Rep	2025	Jo	Mavacamten for Left Ventricular Outflow Tract Obstruction After Successful Transcatheter Aortic Valve Implantation.
40054911	PMC11911890	10.1016/j.jaccas.2024.103193	JACC Case Rep	2025	Chatterjee	Percutaneous Management of Left Ventricular Perforation Causing Late Cardiac Tamponade After Transcatheter Aortic Valve Implantation.
39972705	PMC11861929	10.1016/j.jaccas.2024.102952	JACC Case Rep	2025	Sambyal	Rare Case of Early Mycotic Ascending Aortic Aneurysm Following Transcatheter Aortic Valve Replacement.
39972698	PMC11861933	10.1016/j.jaccas.2024.102933	JACC Case Rep	2025	Zhang	Simultaneous TAVR and PBPV in Patient With Multiple Valve Disease.
39963234	PMC11830247	10.1016/j.jaccas.2024.103120	JACC Case Rep	2025	Vu	Snare-Assisted Management of Nose Cone Entrapment During Self-Expandable Transcatheter Aortic Valve Replacement.
39963231	PMC11830241	10.1016/j.jaccas.2024.103119	JACC Case Rep	2025	Salem	Mitral Valve Repair and SAVR After TAVR Complicated With Endocarditis and Mitral Valve Leaflet Perforation.
39963215	PMC11830251	10.1016/j.jaccas.2024.103128	JACC Case Rep	2025	Huber	Use of a Bare Metal Dissection Stent to Manage Aortic Embolization of a Self-Expanding Valve.
39963208	PMC11830255	10.1016/j.jaccas.2024.103125	JACC Case Rep	2025	Ostojic	ST-Segment Elevation Myocardial Infarction Caused by Embolized Transcatheter Aortic Valve in Ascending Aorta.
39822806	PMC11733582	10.1016/j.jaccas.2024.102748	JACC Case Rep	2025	Sturla	Clinical Presentation and Percutaneous Treatment of Hemolytic Anemia Associated With Paravalvular Leak After TAVR.
39619031	PMC11602586	10.1016/j.jaccas.2024.102690	JACC Case Rep	2024	Bielichenko	Hybrid Approach to Post-Radiation Valve Disease: Robotic Mitral Valve Replacement Alongside Transcatheter Aortic Valve Replacement.
39619019	PMC11602638	10.1016/j.jaccas.2024.102655	JACC Case Rep	2024	Chia	Management of Aorto-Right Ventricular Fistulas After TAVR.
39484326	PMC11522721	10.1016/j.jaccas.2024.102564	JACC Case Rep	2024	Fang	LAVA-ECMO-Supported Dual-Transcatheter Aortic and Mitral Valve-in-Valve Replacement in Cardiogenic Shock.
39295795	PMC11405945	10.1016/j.jaccas.2024.102469	JACC Case Rep	2024	Reisinger	Perceval ViV-TAVR: Perception Is Not Always Reality.
39295789	PMC11405946	10.1016/j.jaccas.2024.102455	JACC Case Rep	2024	Kato	What Is the Optimal Antithrombotic Therapy for Valsalva Thrombus Following Transcatheter Aortic Valve Replacement?
38645286	PMC11031669	10.1016/j.jaccas.2024.102270	JACC Case Rep	2024	Zendjebil	Transcatheter Aortic Valve Replacement for Sutureless Bioprosthetic Valve Tilting Resulting in Severe Paravalvular Leak.
38645284	PMC11031654	10.1016/j.jaccas.2024.102259	JACC Case Rep	2024	Frittitta	Late Third Transcatheter Aortic Valve Replacement for Treatment of Persistent Paravalvular Regurgitation.
38379661	PMC10874993	10.1016/j.jaccas.2023.102214	JACC Case Rep	2024	Alirhayim	Late Migration of a Transcatheter Heart Valve.
38264302	PMC10801795	10.1016/j.jaccas.2023.102165	JACC Case Rep	2024	Masarweh	Transcatheter Aortic Valve Replacement Complicated by Aorto-Right Ventricular Fistula Repaired Via Valve-in-Valve Replacement.
38264301	PMC10801796	10.1016/j.jaccas.2023.102157	JACC Case Rep	2024	Torrado	Impact of VA-ECMO on Dynamic LV Outflow Obstruction After Transcatheter Aortic Valve Replacement.
38094179	PMC10715948	10.1016/j.jaccas.2023.102065	JACC Case Rep	2023	Koliastasis	Overcoming the Obstacle of Suicide Left Ventricle After Transcatheter Aortic Valve Replacement Phenomenon.
38094178	PMC10715959	10.1016/j.jaccas.2023.102069	JACC Case Rep	2023	Elison	Percutaneous Carotid Transcatheter Aortic Valve Implantation.
37396320	PMC10313477	10.1016/j.jaccas.2023.101893	JACC Case Rep	2023	Verhemel	Left Ventricular Outflow Obstruction After Transcatheter Heart Valve Migration and Stent Infolding.
36974043	PMC10039378	10.1016/j.jaccas.2023.101762	JACC Case Rep	2023	Kassis	Pure Aortic Regurgitation Complicated by Membranous Interventricular Septum Aneurysm Treated With Transcatheter Aortic Valve Replacement.
36776798	PMC9911928	10.1016/j.jaccas.2022.08.015	JACC Case Rep	2023	Keeton	Innovative Approach to Manage Transcatheter Aortic Valve Embolization.
36523949	PMC9745652	10.1016/j.jaccas.2022.101691	JACC Case Rep	2023	Manevich	Thoracic Aorta Perforation Treated Conservatively After TAVR in a Patient With Extremely Tortuous Aorta.
36444183	PMC9700071	10.1016/j.jaccas.2022.08.014	JACC Case Rep	2022	El Nihum	Surgical Salvage of Annular Rupture After Transcatheter Aortic Valve Implantation by Conversion Into Annular Enlargement.
36406923	PMC9666742	10.1016/j.jaccas.2022.07.038	JACC Case Rep	2022	Attisano	Bioprosthetic Valve Fracture After TAVR Complicated by Balloon Rupture: Bail-Out TAVR in TAVR in SAVR.
35734531	PMC9207959	10.1016/j.jaccas.2022.04.017	JACC Case Rep	2022	Patel	Synchronous Type 3 EVAR Endoleaks at Multiple Sites Following Transfemoral Transcatheter Aortic Valve Replacement.
35677788	PMC9168964	10.1016/j.jaccas.2022.03.031	JACC Case Rep	2022	Asmarats	Aortic Sinus Contrast Retention During TAVR: A Warning Sign Preceding a Potential Thrombotic Complication.
35573856	PMC9091518	10.1016/j.jaccas.2022.02.011	JACC Case Rep	2022	Noor	Polymer Emboli Complicating Transcatheter Aortic Valve Implantation: A Case Report.
35493797	PMC9044293	10.1016/j.jaccas.2021.12.015	JACC Case Rep	2022	Batta	Strut Inversion During Valve-in-Valve Transcatheter Aortic Valve Replacement: An Unknown Complication?
34766022	PMC8571793	10.1016/j.jaccas.2021.08.009	JACC Case Rep	2021	Yamaguchi	Rescue Percutaneous Stenting for Cerebral Malperfusion With Acute Aortic Dissection Following TAVR.
34317621	PMC8311196	10.1016/j.jaccas.2021.02.040	JACC Case Rep	2021	Sammour	Transcatheter Closure of Left Ventricular Outflow Tract-to-Left Atrium Fistula.
34317470	PMC8305676	10.1016/j.jaccas.2020.11.024	JACC Case Rep	2021	Le Ruz	Sapien 3 Embolization From Ventricle to Aorta in the Setting of Noncalcified Aortic Regurgitation.
34317168	PMC8305109	10.1016/j.jaccas.2020.10.023	JACC Case Rep	2020	Abu-Much	Don't Trust the Imaging: Necrotic Bowel Following Transcatheter Aortic Valve Replacement Through Aortic Stent Graft.
34317066	PMC8299247	10.1016/j.jaccas.2020.09.007	JACC Case Rep	2020	Kellogg	Percutaneous Management of a Contained Annular Rupture Occurring With Self-Expanding Transcatheter Aortic Valve Replacement.
34317379	PMC8302041	10.1016/j.jaccas.2020.05.005	JACC Case Rep	2020	Alharbi	Axillary Artery Pseudoaneurysm Following Percutaneous Transaxillary Access for Impella Device Placement During Percutaneous Coronary Intervention.
34317373	PMC8302043	10.1016/j.jaccas.2020.04.013	JACC Case Rep	2020	Spaccarotella	Common Calcified Femoral Artery Rupture After Intravascular Lithotripsy for TAVR Implantation.
34317258	PMC8311729	10.1016/j.jaccas.2020.01.017	JACC Case Rep	2020	Elison	TandemHeart-Assisted Balloon Aortic Valvuloplasty for Acute Transcatheter Aortic Valve Replacement Thrombosis.
34317241	PMC8311682	10.1016/j.jaccas.2020.01.021	JACC Case Rep	2020	Alasnag	3D Model Guiding Transcatheter Aortic Valve Replacement in a Patient With Aortic Coarctation.
34316946	PMC8288756	10.1016/j.jaccas.2019.11.025	JACC Case Rep	2019	Alabbady	Aorto-Right Ventricular Fistula and Paravalvular Leak After Transcatheter Aortic Valve Implantation.
34316934	PMC8288594	10.1016/j.jaccas.2019.11.009	JACC Case Rep	2019	Abdel-Aal Ahmed	Aortic Paravalvular Leak Repair: Can TAVR Be the Answer?
34316932	PMC8288788	10.1016/j.jaccas.2019.11.007	JACC Case Rep	2019	Chan Wah Hak	Valve-in-Valve in a Flail Bioprosthetic Mitral Valve With Endocarditis Using a Novel Embolic Protection Device.
34316912	PMC8288807	10.1016/j.jaccas.2019.10.013	JACC Case Rep	2019	Conte	Plugging Paravalvular Leak in Transcatheter Aortic Valves.
34316815	PMC8289152	10.1016/j.jaccas.2019.06.034	JACC Case Rep	2019	Nour	Cardiogenic Shock Due to Late Chimney Stent Failure Following Valve-in-Valve Transcatheter Aortic Valve Replacement.
34316759	PMC8301255	10.1016/j.jaccas.2019.05.026	JACC Case Rep	2019	Vendrik	Balloon-Expandable TAVR Prosthesis Dislocates Into the Ascending Aorta.
39177559		10.1016/j.jcin.2024.07.012	JACC Cardiovasc Interv	2024	Fang	Mechanical Circulatory Support-Assisted Percutaneous Rescue of Ventricularly Embolized Transcatheter Heart Valve.
38573255		10.1016/j.jcin.2024.01.311	JACC Cardiovasc Interv	2024	Dakroub	Transcatheter Aortic Valve Embolization Complicated by Inversion and Left Ventricular Outflow Tract Obstruction.
32473885		10.1016/j.jcin.2020.04.030	JACC Cardiovasc Interv	2020	Kadoya	Multiple Small Bowel Perforations Associated With Cholesterol Crystal Embolization After Transcatheter Aortic Valve Replacement.
32305390		10.1016/j.jcin.2020.02.010	JACC Cardiovasc Interv	2020	Piayda	Delivery Catheter Capsule Demolition During the Deployment of a Medtronic CoreValve Evolut R.
32061606		10.1016/j.jcin.2019.12.009	JACC Cardiovasc Interv	2020	So	The "Snare-and-Anchor" Technique to Rescue Frozen Mechanical Mitral Valve Leaflet After Transcatheter Aortic Valve Replacement.
32113926		10.1016/j.jcin.2019.12.016	JACC Cardiovasc Interv	2020	Sulimov	Bailout Bleeding Management for Large-Bore Access: Initial Experience With a Novel Technique.
31883722		10.1016/j.jcin.2019.08.053	JACC Cardiovasc Interv	2020	Ninomiya	Corroborative Autopsy Findings for Current Concerns After Implantation of Self-Expandable Transcatheter Heart Valve.
31564595		10.1016/j.jcin.2019.08.027	JACC Cardiovasc Interv	2020	Ihdayhid	Complicated Interaction Between Balloon Expandable Sheath and Self-Expanding Aortic Bioprosthesis.
31473235		10.1016/j.jcin.2019.05.031	JACC Cardiovasc Interv	2019	Hernández-Enríquez	Use of an Arteriovenous Loop to Facilitate Transcatheter Aortic Valve Alignment in a Patient With Giant Ascending Aortic Aneurysm.
31377267		10.1016/j.jcin.2019.04.050	JACC Cardiovasc Interv	2019	Sakurai	Fatal Leaflet Thrombus Following Transcatheter Aortic Valve Replacement During Temporary Anticoagulation Withdrawal.
31255558		10.1016/j.jcin.2019.04.025	JACC Cardiovasc Interv	2019	Kaneko	Valsalva Sinus Perforation Following Valve Dislodgement During Transcatheter Aortic Valve Replacement.
31255557		10.1016/j.jcin.2019.04.044	JACC Cardiovasc Interv	2019	Ochiai	Late Contained Aortic Root Rupture After Transcatheter Aortic Valve Replacement for Bicuspid Aortic Stenosis.
30772295		10.1016/j.jcin.2018.11.041	JACC Cardiovasc Interv	2019	Cruz-González	Facilitated Transfemoral Access by Shockwave Lithoplasty for Transcatheter Aortic Valve Replacement.
30621966		10.1016/j.jcin.2018.10.011	JACC Cardiovasc Interv	2019	Amano	Stabilized Sinus of Valsalva Aneurysm After CoreValve Implantation.
30343025		10.1016/j.jcin.2018.08.024	JACC Cardiovasc Interv	2018	Cannata	Transcatheter Aortic Valve Replacement for Severe Aortic Regurgitation in Singleton-Merten Syndrome.
30286865		10.1016/j.jcin.2018.07.046	JACC Cardiovasc Interv	2018	Berry	Transcatheter Aortic Valve Replacement for Bioprosthetic Aortic Stenosis in Pregnancy.
30190072		10.1016/j.jcin.2018.06.002	JACC Cardiovasc Interv	2018	Xiong	Supra-Annular Sizing for Transcatheter Aortic Valve Replacement Candidates With Bicuspid Aortic Valve.
30121283		10.1016/j.jcin.2018.06.042	JACC Cardiovasc Interv	2018	Sanghvi	Intervention of Prohibitive Aortic and Iliac Atherosclerotic Stenosis to Allow Successful Transfemoral Transcatheter Aortic Valve Replacement.
30031716		10.1016/j.jcin.2018.05.004	JACC Cardiovasc Interv	2018	Ierovante	Prophylactic Ipsilateral Superficial Femoral Artery Access in Patients With Elevated Risk for Femoral Access Complications During Transfemoral Transcatheter Aortic Valve Replacement.
29680217		10.1016/j.jcin.2018.01.241	JACC Cardiovasc Interv	2018	Glassy	Delayed Left Main Narrowing From the Native Left Aortic Valve Leaflet After Transcatheter Aortic Valve Replacement With the Lotus Valve: A Successful Intervention for a Novel Complication.
29501546		10.1016/j.jcin.2017.12.006	JACC Cardiovasc Interv	2018	Goel	Successful MitraClip for Severe Mitral Regurgitation Secondary to Papillary Muscle Rupture as a Complication of Transcatheter Aortic Valve Replacement.
29471955		10.1016/j.jcin.2017.11.017	JACC Cardiovasc Interv	2018	Yoshida	A Case of Successful Reopening of Left Main Coronary Artery Occlusion After Transcatheter Aortic Valve Replacement.
28964762		10.1016/j.jcin.2017.06.047	JACC Cardiovasc Interv	2017	Spaziano	Simultaneous TAVR and Left Main "Chimney" Stenting in a Patient With Low Left Main Height.
28866041		10.1016/j.jcin.2017.06.011	JACC Cardiovasc Interv	2017	Pu	Transcatheter Closure of Aortic Anastomosis Leak Resulting in Patent Cabrol Shunt After Aortic Replacement.
28734884		10.1016/j.jcin.2017.05.011	JACC Cardiovasc Interv	2017	Kubo	Vascular Injury Caused by Retrieval of Ruptured and Detached Balloon Valvuloplasty Catheter During Transcatheter Aortic Valve Replacement.
28527766		10.1016/j.jcin.2017.03.035	JACC Cardiovasc Interv	2017	Tay	Successful Transcatheter Aortic Valve Replacement for Severe Aortic Valve Regurgitation Following a David I Valve-Sparing Procedure.
28330643		10.1016/j.jcin.2017.02.003	JACC Cardiovasc Interv	2017	Kamioka	Transcatheter Treatment of Subaortic Stenosis Via Transcaval Access.
27491617		10.1016/j.jcin.2016.05.016	JACC Cardiovasc Interv	2016	Broyd	Late Presentation of a Semicomplete Occluded Right Coronary Artery by a Direct Flow Valve Preventing Interventional Therapy for ST-Segment Elevation Myocardial Infarction.
27372196		10.1016/j.jcin.2016.04.041	JACC Cardiovasc Interv	2016	Couture	Stuck Leaflet After Transcatheter Aortic Valve Replacement With a SAPIEN-3 Valve: New Valve, Old Complication.
27372192		10.1016/j.jcin.2016.04.039	JACC Cardiovasc Interv	2016	Issa	High-Risk Transcatheter Aortic Valve Replacement With Evolut-R CoreValve to Simultaneously Treat Severe Calcific Aortic Stenosis and a Large Aortic Root Pseudoaneurysm.
27101919		10.1016/j.jcin.2016.01.040	JACC Cardiovasc Interv	2016	Sawaya	An Unusual Complication After Rupture of the SAPIEN 3 Valve Balloon During Transcatheter Aortic Valve Replacement.
27013164		10.1016/j.jcin.2016.01.022	JACC Cardiovasc Interv	2016	Kaneko	Multivessel Coronary Artery Spasm After Transcatheter Aortic Valve Replacement.
26777328		10.1016/j.jcin.2015.10.037	JACC Cardiovasc Interv	2016	Oda	1-Year Follow-Up of Contained Aortic Root Rupture After Transcatheter Aortic Valve Replacement.
26718523		10.1016/j.jcin.2015.06.032	JACC Cardiovasc Interv	2015	Merchan	Novel Percutaneous Apical Exclusion of a Left Ventricular Pseudoaneurysm After Complicated Transapical Transcatheter Aortic Valve Replacement.
26585626		10.1016/j.jcin.2015.07.025	JACC Cardiovasc Interv	2015	Williams	Embolization of Left Atrial Appendage Thrombus During Transcatheter Aortic Valve Replacement: A Potential Mechanism of Periprocedural Stroke.
26476607		10.1016/j.jcin.2015.06.027	JACC Cardiovasc Interv	2015	Saji	Anterior Mitral Leaflet Perforation During Transcatheter Aortic Valve Replacement in a Patient With Mitral Annular Calcification.
26315749		10.1016/j.jcin.2015.03.033	JACC Cardiovasc Interv	2015	Lugomirski	Late Presentation of Left Main Coronary Artery Impingement Post-Transcatheter Aortic Valve Replacement.
26292591		10.1016/j.jcin.2015.03.037	JACC Cardiovasc Interv	2015	Anuwatworn	Stroke With Valve Tissue Embolization During Transcatheter Aortic Valve Replacement Treated With Endovascular Intervention.
26003030		10.1016/j.jcin.2015.01.034	JACC Cardiovasc Interv	2015	Mark	Percutaneous Ventricular Septal Defect Closure After Sapien 3 Transcatheter Aortic Valve Replacement.
25700765		10.1016/j.jcin.2013.11.030	JACC Cardiovasc Interv	2015	Wolf	Successful repositioning of a direct flow medical 25-mm valve due to acute occlusion of right coronary artery during transcatheter aortic valve replacement procedure.
25616835		10.1016/j.jcin.2014.07.027	JACC Cardiovasc Interv	2015	Price	Impingement of left main ostium after device occlusion of paravalvular leak post-transcatheter aortic valve replacement.
25459044		10.1016/j.jcin.2014.05.034	JACC Cardiovasc Interv	2014	Acosta-Vélez	Acute artery occlusion during transcatheter aortic valve replacement in a patient with an anomalous origin of the circumflex artery.
25240545		10.1016/j.jcin.2014.02.021	JACC Cardiovasc Interv	2014	Martínez	Transcatheter valve-in-valve replacement in complex cyanotic congenital heart disease with a single ventricle.
24954572		10.1016/j.jcin.2014.05.001	JACC Cardiovasc Interv	2014	Chen	Transcatheter aortic valve implantation in a patient with severe bicuspid aortic valve stenosis and ascending aortic aneurysm.
24742947		10.1016/j.jcin.2013.07.021	JACC Cardiovasc Interv	2014	Hendry	Successful transcatheter aortic valve replacement in a patient with a sinus of Valsalva aneurysm.
23597608		10.1016/j.jcin.2012.08.029	JACC Cardiovasc Interv	2013	Dahdouh	Aortic arch rupture: an uncommon but fatal complication during transcatheter aortic valve implantation.
21777894		10.1016/j.jcin.2011.05.009	JACC Cardiovasc Interv	2011	Madder	The first report of transcatheter aortic valve implantation and percutaneous mitral valve repair in the same patient.
19778770		10.1016/j.jcin.2009.06.016	JACC Cardiovasc Interv	2009	Fraccaro	Expanding the eligibility for transcatheter aortic valve implantation the trans-subclavian retrograde approach using: the III generation CoreValve revalving system.
30562089		10.1161/CIRCINTERVENTIONS.118.006925	Circ Cardiovasc Interv	2018	Yaku	Utility of a 3-Dimensional Printed Model to Simulate Transcatheter Aortic Valve Implantation in a Patient With an Intramural Hematoma and a Penetrating Atherosclerotic Ulcer in the Distal Aortic Arch.
28893771		10.1161/CIRCINTERVENTIONS.117.005312	Circ Cardiovasc Interv	2017	Gandhi	MitraClip and Transcatheter Aortic Valve Replacement in a Patient With Recurrent Heart Failure.
26038483		10.1161/CIRCINTERVENTIONS.114.002253	Circ Cardiovasc Interv	2015	Gössl	Pulmonary hypertension in patients undergoing transcatheter aortic valve replacement: discussion of the current evidence.
25794508		10.1161/CIRCINTERVENTIONS.114.002331	Circ Cardiovasc Interv	2015	Buzzatti	Use of double stiff wire allows successful transfemoral transcatheter aortic valve implantation through extreme thoracic aorta tortuosity.
24550532		10.1161/CIRCINTERVENTIONS.113.000995	Circ Cardiovasc Interv	2014	Fassa	Successful endovascular stroke rescue with retrieval of an embolized calcium fragment after transcatheter aortic valve replacement.
22589295		10.1161/CIRCINTERVENTIONS.111.967315	Circ Cardiovasc Interv	2012	Pasic	Rupture of the device landing zone during transcatheter aortic valve implantation: a life-threatening but treatable complication.
22511742		10.1161/CIRCINTERVENTIONS.112.968396	Circ Cardiovasc Interv	2012	Agostoni	"Frozen" leaflet: a dreadful complication of transcatheter aortic valve implantation.
38836356		10.1161/CIRCIMAGING.123.016193	Circ Cardiovasc Imaging	2024	Nesta	Potential Life-Threatening Complication After Transacatheter Aortic Valve Replacement: A Pseudoaneurysm of the Interventricular Septum.
38602112		10.1161/CIRCIMAGING.123.016151	Circ Cardiovasc Imaging	2024	Nesta	Unrecognized Hole in the Aortic Stenosis Heart: Acquired Gerbode Defect Detected During Pretransfemoral Aortic Valve Implantation Evaluation.
34727706		10.1161/CIRCIMAGING.121.013357	Circ Cardiovasc Imaging	2021	Fujimoto	Case With Transthyretin Amyloid Cardiomyopathy Complicated With Rapidly Progressive Aortic Stenosis Possibly Caused by Amyloid Deposition in the Aortic Valve.
32370620		10.1161/CIRCIMAGING.119.010263	Circ Cardiovasc Imaging	2020	Książczyk	Rare Case of Enormous Left Ventricular Pseudoaneurysm Complicating Transcatheter Aortic Valve Implantation.
32208736		10.1161/CIRCIMAGING.119.010162	Circ Cardiovasc Imaging	2020	Ro	Murphy's Law or Domino Effect: Severe Aortic Annular Calcification in Transcatheter Aortic Valve Replacement.
28877885		10.1161/CIRCIMAGING.117.005987	Circ Cardiovasc Imaging	2017	Kong	Bicuspid Aortic Valve: What to Image in Patients Considered for Transcatheter Aortic Valve Replacement?
